monthly_income,repayment_history_score,utility_bill_regularity,years_in_business,debt_to_income_ratio,group_membership,income_stability_score,repaid_on_time
78525.82,0.2181,0.7207,4,0.4097,1,0.9542,0
46693.45,0.6629,0.7112,7,0.8666,1,0.9905,0
86566.8,0.7669,0.2027,18,0.0987,1,0.8332,0
71249.96,0.1666,0.0367,2,0.5112,0,0.4439,1
13946.85,0.0439,0.3038,2,0.3072,0,0.5474,0
97684.12,0.4396,0.1571,6,0.5817,0,0.5033,0
77308.27,0.774,0.3958,12,0.5838,1,0.1557,0
79676.11,0.6508,0.9793,16,0.2165,1,0.8544,1
17170.8,0.7019,0.1811,11,0.7072,0,0.6758,0
47786.66,0.4028,0.3189,10,0.0821,0,0.6379,0
40225.81,0.2349,0.7251,18,0.7363,1,0.2203,0
93042.67,0.5318,0.5092,3,0.1908,1,0.1532,0
66167.19,0.2044,0.0439,18,0.5306,0,0.873,0
83162.35,0.7262,0.1617,6,0.3126,0,0.1794,0
47124.35,0.197,0.9352,5,0.5488,0,0.0737,0
26587.68,0.2913,0.1032,20,0.2407,1,0.6256,0
57685.55,0.5065,0.6351,13,0.5121,1,0.7043,0
11062.64,0.4867,0.7923,9,0.0074,1,0.1196,1
83624.96,0.6008,0.2654,6,0.337,1,0.2069,0
65008.12,0.4374,0.7251,9,0.7438,1,0.7888,0
77018.34,0.9195,0.1699,16,0.4167,1,0.9296,0
38679.97,0.8399,0.2848,3,0.4493,0,0.4765,0
97216.31,0.8791,0.3118,3,0.5594,0,0.792,0
89846.51,0.6295,0.9964,6,0.3908,1,0.3194,1
78946.43,0.635,0.2146,10,0.7804,0,0.7032,0
23490.68,0.6092,0.1292,17,0.363,0,0.5572,0
49338.5,0.4349,0.9257,4,0.8483,1,0.8432,0
9161.36,0.3221,0.1619,16,0.7892,1,0.7759,0
19657.5,0.592,0.8793,19,0.379,1,0.2841,1
69889.65,0.0255,0.6505,9,0.3292,0,0.1495,0
75752.4,0.0075,0.5769,20,0.609,1,0.8077,0
96913.42,0.8516,0.7513,18,0.6798,0,0.0328,0
35953.41,0.0464,0.726,16,0.1673,0,0.679,0
40193.67,0.5248,0.1105,7,0.2169,1,0.4759,0
49607.8,0.615,0.9995,6,0.1316,0,0.0753,0
22999.78,0.1982,0.9419,18,0.6846,0,0.6886,0
17342.54,0.8957,0.8966,9,0.643,0,0.4829,1
50191.97,0.1901,0.6223,0,0.1701,0,0.8601,0
26556.39,0.8845,0.5228,15,0.4832,1,0.2086,1
68632.33,0.763,0.5363,7,0.6878,0,0.0023,0
46529.43,0.2407,0.0149,19,0.8523,1,0.1305,0
84104.43,0.1507,0.4995,17,0.1607,0,0.2696,0
71525.18,0.3162,0.6238,2,0.2739,1,0.6522,1
34674.83,0.398,0.6587,18,0.3135,1,0.3626,0
84064.68,0.2458,0.3321,19,0.5625,0,0.1182,1
81452.61,0.9989,0.4713,15,0.1228,1,0.9816,1
41810.45,0.2297,0.6363,5,0.1741,1,0.1082,0
32391.17,0.8306,0.4283,14,0.7024,0,0.3551,0
69837.07,0.1591,0.9621,18,0.4878,1,0.8766,0
18276.49,0.9802,0.7054,17,0.1443,1,0.6526,1
23991.28,0.2255,0.0013,9,0.3496,1,0.3198,0
5699.42,0.4217,0.0233,14,0.121,1,0.9703,0
79757.82,0.5586,0.6903,8,0.3264,1,0.5011,1
68160.83,0.1203,0.4126,5,0.3602,1,0.0081,0
71990.71,0.8168,0.8395,14,0.1009,1,0.0062,1
79169.26,0.2747,0.173,9,0.0539,1,0.941,0
48597.0,0.5493,0.0138,4,0.7934,1,0.2812,0
59030.41,0.5496,0.3881,13,0.7989,0,0.8121,0
18280.71,0.6026,0.7361,6,0.0023,1,0.0436,1
15880.36,0.0555,0.9717,12,0.5771,0,0.1469,0
68498.28,0.1686,0.8837,7,0.0843,0,0.8568,0
49754.14,0.1612,0.4841,18,0.7291,1,0.9941,0
58697.43,0.3021,0.8128,17,0.7916,0,0.0519,0
77674.89,0.1449,0.0703,9,0.555,1,0.1676,0
65298.24,0.9219,0.5723,14,0.5518,0,0.7229,0
57590.04,0.513,0.9243,3,0.3343,1,0.5295,1
58124.68,0.6236,0.3964,20,0.2245,1,0.406,0
33875.26,0.3575,0.9601,4,0.4493,0,0.1945,0
7927.69,0.2762,0.2207,18,0.1203,0,0.9454,0
46488.15,0.5032,0.1056,17,0.605,1,0.1723,0
25385.54,0.2943,0.5248,3,0.4231,0,0.2652,1
43810.22,0.3436,0.9072,0,0.1598,0,0.3243,1
86073.29,0.4528,0.3113,15,0.5295,0,0.1386,0
27224.25,0.5057,0.8002,18,0.7158,1,0.5362,0
10538.76,0.9843,0.1692,15,0.5299,0,0.3413,0
31731.47,0.2233,0.7456,1,0.4767,0,0.6078,0
32891.41,0.488,0.557,13,0.7629,0,0.3679,1
67882.07,0.1495,0.175,8,0.0097,1,0.1164,0
57918.05,0.35,0.7181,19,0.5551,0,0.8726,0
79470.33,0.7173,0.7138,16,0.3687,1,0.5097,1
68109.79,0.1745,0.5154,16,0.1742,1,0.3219,0
43606.75,0.5814,0.2255,8,0.8816,0,0.0164,0
82331.94,0.4167,0.1323,6,0.3634,0,0.5978,0
20862.43,0.0516,0.9573,17,0.3017,1,0.7825,0
7157.65,0.9331,0.6558,2,0.1521,0,0.6501,1
13554.55,0.4136,0.8092,2,0.898,1,0.7877,1
73624.14,0.7839,0.697,1,0.7704,0,0.155,0
48878.34,0.4163,0.8295,10,0.063,0,0.9717,0
20320.82,0.9374,0.1625,1,0.5092,1,0.2113,1
52599.25,0.2905,0.497,12,0.1327,0,0.2668,0
19469.65,0.4122,0.6671,3,0.6442,1,0.5123,0
71150.44,0.7589,0.1034,18,0.4357,1,0.0052,0
47384.85,0.3437,0.15,9,0.0994,1,0.4424,0
41197.02,0.3644,0.634,1,0.5013,0,0.1957,0
33643.65,0.9948,0.8687,14,0.8196,0,0.749,0
64876.85,0.5556,0.6604,7,0.3071,0,0.7578,1
39372.2,0.6894,0.0362,5,0.0457,1,0.6157,0
13326.74,0.6435,0.9704,13,0.8507,1,0.4217,0
16210.56,0.8279,0.1395,20,0.1276,1,0.3102,0
96380.28,0.8618,0.2326,20,0.4275,1,0.8275,0
91315.17,0.5633,0.975,9,0.4902,0,0.5071,1
71472.18,0.2946,0.771,17,0.2134,1,0.4965,0
30257.65,0.0228,0.9366,4,0.1597,1,0.1134,0
97071.76,0.6144,0.8066,17,0.1018,1,0.2184,1
78981.34,0.8255,0.6517,19,0.063,0,0.3605,1
73104.57,0.4505,0.2846,10,0.4573,1,0.6989,0
47689.34,0.1647,0.3269,10,0.7578,1,0.8453,0
30862.95,0.2881,0.9473,11,0.1141,1,0.9929,0
14157.14,0.51,0.8606,1,0.6306,0,0.4274,0
90747.23,0.8367,0.3595,18,0.3714,0,0.4532,0
48298.75,0.1718,0.3733,15,0.0317,1,0.7661,0
24224.52,0.6121,0.2977,18,0.4824,0,0.3212,0
34065.88,0.7534,0.3261,2,0.2268,0,0.5405,0
60025.86,0.936,0.8607,16,0.5447,1,0.677,0
21793.41,0.1167,0.0105,7,0.3144,0,0.2362,0
86378.36,0.9264,0.4361,17,0.5998,1,0.2796,1
77059.36,0.6015,0.9428,20,0.8267,1,0.3562,0
73348.98,0.7667,0.5426,18,0.2201,0,0.5777,1
46048.84,0.0538,0.4504,19,0.8459,0,0.2704,1
64594.34,0.5061,0.3124,2,0.1839,1,0.2082,0
60489.31,0.6226,0.0739,6,0.0636,1,0.1495,0
66735.43,0.3068,0.2245,6,0.1734,1,0.8093,0
13022.21,0.4317,0.0905,10,0.7334,0,0.886,0
44501.7,0.5543,0.1267,20,0.6098,0,0.9047,0
8953.35,0.5525,0.1635,14,0.8738,0,0.8216,0
51929.13,0.0419,0.302,11,0.6388,0,0.1373,0
36336.82,0.4395,0.011,16,0.3714,1,0.0978,0
18729.8,0.2138,0.9501,3,0.8032,0,0.4992,0
14823.28,0.9167,0.1238,13,0.8623,1,0.5214,0
60826.23,0.9766,0.3831,10,0.7125,1,0.7328,0
21206.33,0.2996,0.8795,4,0.501,1,0.2229,0
92886.41,0.1752,0.1066,13,0.7432,0,0.9309,0
60200.81,0.2195,0.4836,17,0.1611,0,0.3099,0
37952.63,0.4778,0.8448,17,0.8103,0,0.5778,0
61136.97,0.8745,0.557,17,0.8996,1,0.8642,0
7166.37,0.5,0.2103,17,0.5986,0,0.5234,0
96063.13,0.0554,0.7355,9,0.1763,1,0.7536,0
50818.83,0.0399,0.6813,1,0.13,1,0.749,0
79359.85,0.2274,0.3622,20,0.8635,0,0.79,0
12859.35,0.8428,0.0463,9,0.7842,0,0.811,0
51232.54,0.6215,0.0079,13,0.6738,0,0.3925,0
51617.16,0.563,0.8254,0,0.8542,0,0.3636,0
94093.51,0.319,0.3216,18,0.4531,1,0.8035,0
59314.16,0.9294,0.1378,18,0.799,0,0.5797,0
49981.49,0.3312,0.5186,19,0.1465,1,0.6077,0
30362.69,0.8349,0.9208,3,0.1645,0,0.4119,1
36499.05,0.8959,0.0085,17,0.4611,1,0.2016,0
54463.88,0.4833,0.0561,13,0.2993,0,0.4569,0
46696.59,0.8943,0.417,3,0.3893,1,0.9696,0
7053.15,0.2768,0.676,11,0.7184,1,0.2909,0
83497.73,0.6584,0.4761,10,0.0481,0,0.272,1
90135.27,0.088,0.8975,13,0.6488,1,0.1308,0
18323.66,0.4739,0.0441,1,0.0794,0,0.4812,1
57633.43,0.2173,0.3401,11,0.7628,0,0.2885,0
15314.7,0.0628,0.3513,14,0.1817,0,0.6871,0
68862.81,0.0037,0.3401,15,0.6614,1,0.1351,0
31717.21,0.3248,0.4877,16,0.5327,0,0.2473,0
67645.15,0.5895,0.7906,13,0.3471,0,0.0619,0
74064.49,0.4552,0.3179,14,0.2408,0,0.0415,0
78021.51,0.3018,0.7445,1,0.0517,1,0.8141,0
15235.39,0.9912,0.1465,16,0.318,0,0.9059,0
92021.13,0.9395,0.5607,7,0.1805,0,0.7639,1
26870.33,0.1257,0.3751,11,0.1223,0,0.8652,1
8554.19,0.4151,0.5392,11,0.6646,1,0.0866,0
57710.98,0.6488,0.1077,20,0.1913,1,0.8981,0
40237.62,0.7335,0.9535,6,0.2008,1,0.466,1
83830.03,0.3664,0.9062,8,0.3064,1,0.7686,1
81783.89,0.7463,0.8264,15,0.4164,1,0.6158,0
35128.19,0.1242,0.8928,13,0.4623,1,0.3499,0
95525.44,0.3318,0.1467,6,0.5981,0,0.2648,0
32637.19,0.7164,0.5037,7,0.5297,0,0.1181,0
53930.43,0.6257,0.3179,17,0.4335,1,0.4127,0
29316.68,0.8372,0.8874,17,0.3545,0,0.4941,1
93924.14,0.0469,0.1894,3,0.2392,1,0.9831,0
20637.74,0.1744,0.2199,8,0.6389,1,0.0373,0
9266.51,0.0485,0.6867,16,0.2858,1,0.5901,0
46334.22,0.1921,0.0889,2,0.7646,0,0.525,0
99275.68,0.0043,0.7324,3,0.5275,0,0.0229,0
89709.34,0.5042,0.2681,3,0.5705,0,0.3297,0
76117.76,0.5283,0.6609,11,0.4579,0,0.4229,0
89625.29,0.6579,0.873,9,0.8357,0,0.4943,0
89877.43,0.3849,0.6096,6,0.3794,0,0.2335,0
54291.54,0.0032,0.2127,2,0.3843,0,0.0341,0
35013.26,0.6739,0.0492,13,0.8037,0,0.2938,0
78341.18,0.0543,0.0446,16,0.5444,0,0.8364,0
67857.82,0.8662,0.0888,4,0.4042,0,0.8079,0
40497.48,0.0227,0.5798,13,0.2359,0,0.1808,1
13974.33,0.5305,0.3482,16,0.2205,1,0.6463,0
75945.01,0.8949,0.2431,11,0.7213,1,0.9236,0
29933.75,0.5725,0.2193,12,0.2515,0,0.1721,0
93997.25,0.6084,0.9486,3,0.0052,1,0.1287,1
27892.2,0.6816,0.1188,20,0.0175,0,0.0221,0
16662.0,0.1224,0.3048,20,0.8806,1,0.1724,0
83955.7,0.6749,0.4715,14,0.5039,0,0.814,0
19562.01,0.8804,0.0004,18,0.4401,0,0.814,0
22030.49,0.9742,0.921,12,0.8261,1,0.5405,0
61941.37,0.4431,0.0991,13,0.3165,0,0.3336,0
88083.39,0.3445,0.6825,17,0.7155,1,0.8068,0
23661.29,0.7533,0.6289,0,0.6496,0,0.195,0
34480.75,0.5429,0.8091,4,0.4294,1,0.1399,0
78853.46,0.2573,0.6514,4,0.6972,1,0.0892,0
97323.51,0.1722,0.7694,13,0.8692,1,0.8513,0
52570.41,0.1702,0.4212,5,0.1805,0,0.7148,0
18670.26,0.4592,0.4887,8,0.0158,1,0.6246,0
6323.95,0.1701,0.7017,10,0.7393,1,0.7275,0
26817.32,0.0197,0.5684,15,0.3632,0,0.1435,0
17523.11,0.0521,0.5115,10,0.49,0,0.3848,0
69377.57,0.9299,0.2056,0,0.2002,1,0.8141,0
16574.09,0.073,0.2581,14,0.7576,1,0.9168,0
53101.34,0.0732,0.3585,8,0.6491,0,0.5131,0
70954.93,0.4512,0.0093,2,0.858,1,0.1221,0
60206.08,0.2451,0.4174,13,0.4277,1,0.9785,0
23978.69,0.9627,0.0028,5,0.8789,1,0.395,0
81391.83,0.911,0.565,9,0.4598,0,0.319,1
72963.68,0.4047,0.704,20,0.5593,1,0.12,0
75203.48,0.4487,0.5621,4,0.6067,1,0.0126,0
17450.49,0.3751,0.6935,18,0.4408,1,0.6037,0
16756.61,0.0379,0.0,9,0.5065,1,0.6124,1
93118.44,0.2928,0.0594,19,0.201,1,0.2342,0
42769.93,0.1227,0.6985,17,0.3261,0,0.162,0
33590.13,0.1024,0.8029,17,0.6318,0,0.528,0
51415.48,0.5609,0.7177,4,0.0351,1,0.4354,1
67972.1,0.0988,0.663,16,0.6304,0,0.3037,0
95784.21,0.1029,0.7074,7,0.2734,0,0.2182,0
32212.39,0.4805,0.7396,19,0.2447,1,0.8593,0
92856.8,0.4423,0.7244,20,0.6241,0,0.9838,0
7361.65,0.1376,0.738,12,0.1935,1,0.3556,0
57743.81,0.0044,0.074,19,0.8655,1,0.6981,0
65227.64,0.193,0.0633,11,0.8916,0,0.8655,0
15060.25,0.2359,0.3611,0,0.4123,1,0.0269,0
18332.26,0.8002,0.5276,18,0.3613,0,0.9081,1
44815.86,0.9154,0.7626,11,0.0711,1,0.4991,1
96792.03,0.4059,0.3347,0,0.7004,0,0.5567,0
61624.04,0.405,0.2751,1,0.1465,0,0.5399,0
93637.21,0.7125,0.7814,15,0.8397,1,0.2429,0
81414.29,0.6269,0.2493,19,0.8915,0,0.7822,0
49401.25,0.1841,0.8208,14,0.1102,1,0.7323,0
79552.53,0.1077,0.1771,9,0.6147,0,0.0958,0
6694.49,0.4376,0.3595,6,0.4194,0,0.5628,0
15368.68,0.5648,0.4011,8,0.487,1,0.957,0
83795.72,0.1387,0.2995,6,0.1616,0,0.8712,1
80697.62,0.2933,0.0034,5,0.6512,1,0.6259,1
27100.87,0.3059,0.2355,2,0.15,0,0.1987,0
55423.11,0.2613,0.3377,11,0.7968,0,0.3472,0
62571.5,0.4608,0.3136,4,0.4086,1,0.1504,0
87435.2,0.6531,0.7856,3,0.5714,0,0.8219,0
62295.18,0.5094,0.0474,5,0.8296,1,0.7787,0
44194.3,0.2015,0.3889,16,0.6641,0,0.9104,0
40547.48,0.1029,0.0375,12,0.4868,1,0.0634,0
45458.8,0.8219,0.9306,10,0.3624,0,0.9647,1
66933.45,0.4793,0.7902,12,0.4159,1,0.9664,0
87411.61,0.0621,0.9822,11,0.3075,0,0.6744,0
48120.2,0.2581,0.9102,10,0.8516,0,0.8817,0
28544.76,0.804,0.3158,17,0.2276,0,0.4384,0
27482.92,0.7517,0.6916,15,0.3684,0,0.3134,0
75871.36,0.8758,0.3066,3,0.7004,0,0.1544,0
82574.03,0.6021,0.8882,17,0.3279,0,0.0316,1
15001.42,0.4229,0.4108,3,0.7979,0,0.042,1
11323.09,0.4266,0.3759,1,0.2188,0,0.6916,0
61471.2,0.194,0.9141,8,0.0282,0,0.3366,0
18886.46,0.6508,0.8367,8,0.5659,1,0.0541,0
83343.1,0.5851,0.9664,16,0.4574,1,0.1122,1
34481.79,0.1549,0.0665,14,0.8398,1,0.6653,0
18667.83,0.8857,0.2433,1,0.3808,1,0.9387,0
92492.19,0.3685,0.3009,10,0.122,0,0.408,0
20725.51,0.0497,0.4244,16,0.2968,0,0.7777,0
32048.41,0.3279,0.4731,15,0.3539,1,0.9736,0
19593.27,0.8699,0.2915,10,0.5248,0,0.7083,0
15971.56,0.917,0.7905,12,0.2471,0,0.723,1
7009.06,0.4904,0.2232,11,0.4953,1,0.6159,0
10262.56,0.9563,0.6965,4,0.8172,1,0.9777,0
21590.94,0.8752,0.8518,11,0.3814,0,0.2998,1
10071.28,0.8252,0.6037,14,0.5864,1,0.783,0
61158.66,0.8597,0.3542,1,0.206,0,0.4151,0
69667.88,0.3819,0.1879,14,0.7212,0,0.1554,0
42394.89,0.7565,0.1343,5,0.2427,0,0.7394,0
35209.15,0.5773,0.7442,0,0.5218,0,0.8294,0
52929.99,0.7197,0.4691,15,0.2702,0,0.8636,1
88125.47,0.1778,0.0463,8,0.0607,0,0.9219,0
85857.5,0.7314,0.9838,8,0.2877,1,0.7449,1
9130.13,0.9576,0.6713,13,0.1908,0,0.5276,1
22242.35,0.3027,0.8442,11,0.8034,1,0.9387,0
27490.76,0.9862,0.4382,13,0.2395,0,0.2096,0
28691.82,0.3784,0.9554,19,0.877,0,0.0773,1
59267.1,0.1997,0.1995,13,0.4431,0,0.4316,1
44544.93,0.1123,0.1851,0,0.199,0,0.5822,0
9679.14,0.785,0.8903,4,0.3522,1,0.68,1
40493.34,0.5548,0.8917,9,0.1651,1,0.8154,1
54756.53,0.3071,0.499,9,0.7503,1,0.0268,0
14658.83,0.6085,0.1258,7,0.108,1,0.802,1
84178.56,0.3321,0.3052,3,0.7862,1,0.6001,0
9936.38,0.4484,0.7542,2,0.0413,1,0.9529,0
92859.98,0.8627,0.846,3,0.2696,1,0.3479,1
14415.75,0.6682,0.3477,19,0.1259,1,0.617,0
85139.62,0.7624,0.0612,8,0.6167,0,0.7665,0
90752.05,0.5835,0.6657,20,0.4611,0,0.5164,1
98059.21,0.9914,0.7395,7,0.8454,0,0.1559,0
81192.46,0.2414,0.424,6,0.3296,0,0.0498,0
79050.37,0.2623,0.5831,10,0.0367,1,0.1114,0
66035.91,0.0926,0.9874,19,0.6855,0,0.4949,0
79004.65,0.554,0.245,11,0.5216,1,0.6396,0
17782.46,0.6134,0.573,0,0.7447,1,0.5705,0
55926.46,0.726,0.611,5,0.3835,1,0.7129,1
53851.17,0.3354,0.5491,20,0.6644,0,0.039,0
86469.35,0.0123,0.8691,3,0.154,0,0.1363,0
48965.94,0.6322,0.605,17,0.8996,1,0.7611,1
41583.5,0.9987,0.5079,19,0.1563,1,0.7812,1
65758.51,0.2945,0.123,4,0.7468,1,0.7023,0
30314.02,0.1839,0.7032,11,0.1912,1,0.7454,0
18278.0,0.2818,0.1321,12,0.7043,1,0.9634,0
50398.34,0.4254,0.0266,16,0.7751,1,0.9442,0
44604.49,0.2509,0.4885,16,0.789,1,0.6445,0
27094.14,0.347,0.5724,1,0.4281,0,0.3193,0
39913.62,0.6382,0.9991,6,0.3859,0,0.0141,1
39807.28,0.345,0.7123,19,0.7504,0,0.6316,1
36112.08,0.3961,0.8486,7,0.5215,0,0.4313,0
41049.09,0.04,0.3464,5,0.5591,0,0.147,0
70145.62,0.9179,0.5089,13,0.2125,1,0.2153,1
33203.27,0.4069,0.9743,4,0.4015,1,0.9365,0
95141.5,0.3281,0.4174,3,0.3325,1,0.0662,0
92053.06,0.0865,0.8073,16,0.5988,1,0.7875,0
50686.49,0.6342,0.526,2,0.1768,1,0.902,1
36194.31,0.8638,0.224,18,0.3652,0,0.6883,1
55866.31,0.0412,0.5804,5,0.7639,1,0.0613,1
85613.25,0.1453,0.2181,2,0.4918,0,0.8459,0
66995.8,0.1464,0.003,15,0.8064,1,0.6533,0
81417.22,0.6023,0.2359,3,0.2093,1,0.277,0
55608.62,0.9212,0.1931,7,0.3959,0,0.6297,0
65127.17,0.4378,0.3709,7,0.4504,1,0.1365,0
32374.78,0.3438,0.8886,10,0.3605,0,0.7076,0
74814.85,0.7658,0.3879,9,0.616,0,0.903,0
24228.44,0.7426,0.8452,4,0.1338,1,0.5217,0
71005.82,0.2468,0.5556,4,0.4675,1,0.9521,0
86768.31,0.1608,0.0076,4,0.1249,1,0.4381,0
17549.77,0.3578,0.1887,1,0.5663,0,0.8576,0
63366.08,0.7756,0.9313,13,0.7472,1,0.7736,0
14034.1,0.6951,0.6042,9,0.018,1,0.0884,1
73942.98,0.6659,0.9295,2,0.4112,0,0.9127,1
13026.86,0.8294,0.3101,6,0.4434,1,0.9104,0
93914.28,0.2771,0.7166,14,0.6482,1,0.3514,0
18053.75,0.3397,0.772,5,0.0672,0,0.7934,0
96093.62,0.0423,0.9757,8,0.3654,0,0.2246,0
81084.0,0.8687,0.0182,15,0.7069,1,0.0304,0
61399.79,0.5824,0.9522,14,0.4789,0,0.2079,1
79349.29,0.2981,0.3916,14,0.6749,1,0.484,0
80535.91,0.0694,0.838,8,0.3276,0,0.0578,0
94872.57,0.7234,0.5447,10,0.8281,0,0.16,0
29071.42,0.7487,0.5646,17,0.0696,1,0.9504,1
61057.21,0.6662,0.3594,18,0.082,1,0.4938,0
14029.67,0.2038,0.8285,1,0.4756,0,0.8231,0
63535.74,0.9132,0.264,17,0.4237,1,0.2066,0
21272.67,0.7532,0.4922,18,0.5746,0,0.0885,0
58670.31,0.6578,0.5602,19,0.2062,1,0.7805,1
59380.9,0.6509,0.7425,5,0.2034,0,0.3488,1
49268.59,0.9044,0.4716,10,0.6742,1,0.4598,0
54650.02,0.9283,0.6803,0,0.2626,0,0.9921,1
77572.72,0.5956,0.4853,2,0.6546,0,0.3165,0
80928.25,0.4167,0.6593,11,0.5766,1,0.4731,1
51754.56,0.3637,0.6741,4,0.075,1,0.6348,0
61961.38,0.8191,0.7094,4,0.64,1,0.0891,0
93467.44,0.6446,0.8233,6,0.7916,1,0.7164,0
16374.69,0.0773,0.5407,9,0.735,1,0.4517,1
16124.84,0.1422,0.1933,3,0.008,1,0.175,0
13332.36,0.9002,0.6796,16,0.4857,0,0.4305,1
67497.01,0.8845,0.0771,14,0.822,1,0.4607,0
44767.79,0.9518,0.219,16,0.5389,0,0.6407,0
78560.53,0.4279,0.7922,19,0.2613,1,0.9371,0
68766.98,0.7841,0.4351,12,0.1751,0,0.7651,0
36695.59,0.8282,0.498,7,0.6165,1,0.3825,0
90344.82,0.3157,0.9874,20,0.6941,1,0.9696,0
77440.55,0.1453,0.2352,11,0.8213,1,0.7908,0
30700.82,0.997,0.0196,9,0.8151,1,0.028,1
39598.24,0.0302,0.1114,8,0.3054,0,0.1166,0
34871.8,0.5973,0.2445,0,0.5435,0,0.218,0
19973.11,0.6502,0.7259,20,0.0914,1,0.0835,1
19039.42,0.6818,0.7758,17,0.085,1,0.4854,1
93932.11,0.2556,0.5655,14,0.0643,0,0.3407,0
46600.88,0.7216,0.255,4,0.8344,0,0.9729,0
41415.38,0.2164,0.5217,19,0.1372,0,0.4727,1
74320.14,0.829,0.015,3,0.4341,1,0.2122,0
57534.34,0.2191,0.6818,5,0.3898,0,0.9707,0
93933.3,0.6967,0.6143,1,0.2923,1,0.5139,1
79128.64,0.7834,0.0218,6,0.484,1,0.0731,0
50540.11,0.1889,0.817,6,0.0025,1,0.0809,0
40754.15,0.238,0.7634,16,0.3421,0,0.6753,0
98730.0,0.7791,0.3082,6,0.4314,1,0.4948,0
73187.22,0.086,0.6354,20,0.723,0,0.6242,0
95363.49,0.1908,0.6015,6,0.6309,0,0.8497,0
16255.46,0.4555,0.1432,11,0.7648,0,0.6814,0
85800.7,0.9302,0.1933,12,0.3387,1,0.8618,0
65522.02,0.5619,0.6832,17,0.1268,1,0.7427,1
16582.56,0.3877,0.9336,15,0.361,0,0.6744,0
60884.51,0.9784,0.5763,18,0.8668,1,0.1347,0
70179.15,0.4637,0.5678,19,0.1929,1,0.4828,0
6168.76,0.4337,0.6467,2,0.1573,1,0.4331,0
48160.21,0.4116,0.4406,1,0.8499,0,0.5407,1
83412.95,0.3122,0.0542,9,0.8549,0,0.3911,0
33059.11,0.3257,0.3965,3,0.1343,0,0.6204,1
48562.07,0.6878,0.9003,10,0.6925,0,0.3925,0
47019.84,0.0408,0.8049,12,0.3868,1,0.5576,0
33683.1,0.6818,0.9274,5,0.443,0,0.3949,1
92251.98,0.2012,0.1528,2,0.4488,0,0.9018,0
79222.93,0.3842,0.506,20,0.8715,0,0.3734,0
15505.9,0.1465,0.5847,7,0.1662,0,0.7309,0
99718.29,0.5528,0.2099,17,0.6958,0,0.6137,0
88524.0,0.7294,0.201,13,0.0051,0,0.3855,0
31971.3,0.3547,0.782,13,0.5657,0,0.8076,1
84505.18,0.1634,0.6719,16,0.5874,1,0.9276,0
15109.86,0.2265,0.6472,5,0.6783,1,0.7605,0
99914.95,0.8181,0.267,4,0.8334,1,0.9486,0
68240.05,0.2676,0.5068,20,0.6785,0,0.4363,0
66761.88,0.7747,0.0231,14,0.6589,1,0.9137,0
13591.87,0.3312,0.1299,6,0.2284,1,0.8762,1
90218.17,0.1887,0.5183,13,0.8936,1,0.7624,0
7754.95,0.7273,0.3097,8,0.4216,1,0.8352,0
27878.67,0.4685,0.9657,18,0.3757,0,0.7301,0
18587.08,0.0313,0.4715,10,0.4517,1,0.5123,0
78792.95,0.9599,0.0836,6,0.3547,0,0.5524,0
23829.4,0.1478,0.0178,14,0.5343,0,0.4177,1
91510.63,0.3534,0.7253,15,0.3147,0,0.6643,0
67345.56,0.3848,0.1715,7,0.216,0,0.3248,0
8435.46,0.4894,0.1878,15,0.8352,1,0.7397,0
5515.83,0.7854,0.4238,4,0.835,0,0.5051,0
9907.5,0.0061,0.2641,5,0.4466,1,0.3532,0
62562.89,0.9325,0.6166,17,0.8659,0,0.1472,1
81140.77,0.646,0.4857,13,0.3741,0,0.2555,1
27662.52,0.9506,0.1115,0,0.3486,0,0.6402,0
85693.84,0.8174,0.7847,14,0.8252,0,0.3698,0
10437.03,0.9278,0.4259,6,0.5696,1,0.0332,0
81091.57,0.601,0.6108,5,0.6863,1,0.3297,0
93140.57,0.3573,0.0039,8,0.3715,1,0.3664,0
78350.3,0.4429,0.6264,9,0.3663,1,0.2343,0
71321.47,0.658,0.2828,18,0.075,1,0.2863,0
84608.12,0.4269,0.4944,9,0.8701,1,0.7049,0
8814.37,0.7317,0.2977,6,0.2052,0,0.7463,0
24169.3,0.0918,0.9963,16,0.4448,0,0.9589,0
16867.75,0.83,0.2308,11,0.1031,1,0.1181,0
52930.44,0.2042,0.9129,0,0.5823,0,0.3117,0
75792.87,0.9439,0.918,13,0.3518,1,0.077,1
64851.13,0.1555,0.421,10,0.6909,0,0.6133,0
85857.45,0.1292,0.304,12,0.4755,0,0.0164,0
19745.23,0.8119,0.381,3,0.1165,0,0.2054,0
74789.0,0.8187,0.9893,10,0.0097,1,0.587,1
23338.94,0.7388,0.6188,13,0.1912,1,0.3587,1
30722.08,0.9605,0.5448,14,0.6519,0,0.5444,0
72440.95,0.2705,0.0359,14,0.7457,0,0.6402,0
98119.45,0.8266,0.8478,20,0.3072,0,0.8389,1
63096.64,0.352,0.0838,10,0.4823,0,0.3929,0
10177.53,0.5374,0.047,9,0.216,1,0.2789,0
63549.35,0.4456,0.2749,11,0.7924,1,0.5388,0
9023.3,0.0059,0.4758,6,0.8687,1,0.0697,0
88993.84,0.5745,0.8953,6,0.6776,1,0.0419,0
72409.94,0.7475,0.7901,14,0.08,1,0.4522,1
21447.15,0.1746,0.1976,6,0.3934,0,0.2181,0
13713.5,0.9317,0.3721,15,0.8915,0,0.0072,0
22435.66,0.5304,0.7802,15,0.2064,1,0.6794,0
98102.58,0.1782,0.5271,20,0.6034,1,0.8162,0
48563.26,0.6459,0.1745,2,0.8447,0,0.1479,0
79487.69,0.1919,0.3961,7,0.6959,0,0.5639,0
65458.79,0.0635,0.6259,16,0.548,1,0.984,0
59379.25,0.6853,0.9732,9,0.456,1,0.2688,1
18787.37,0.1107,0.6618,13,0.8359,0,0.7308,0
94872.32,0.1062,0.0162,15,0.3553,0,0.1621,1
33627.55,0.7399,0.705,18,0.8111,1,0.9321,0
59911.64,0.0552,0.2509,4,0.3879,0,0.0004,0
71478.71,0.8098,0.8622,5,0.6809,0,0.2947,0
66677.15,0.7961,0.3839,9,0.8241,0,0.9764,0
94356.47,0.1414,0.1996,10,0.4956,0,0.6707,0
19101.7,0.5184,0.4679,19,0.2789,0,0.2118,0
53293.51,0.0966,0.2552,0,0.0459,1,0.7914,0
43383.27,0.6326,0.2358,5,0.7283,1,0.8981,0
50046.03,0.0629,0.5733,19,0.5598,1,0.4873,0
16325.66,0.9445,0.7673,12,0.2367,0,0.156,1
17738.99,0.2077,0.835,14,0.7897,0,0.2586,0
31417.18,0.6829,0.3977,5,0.8283,0,0.9431,0
33946.94,0.1283,0.0668,13,0.7984,0,0.1611,0
45650.81,0.2096,0.484,7,0.5414,0,0.3119,0
63043.82,0.4509,0.4338,15,0.8789,0,0.1455,1
65289.77,0.5731,0.197,1,0.7873,1,0.1056,0
44122.04,0.9989,0.8961,5,0.0938,0,0.522,1
43834.4,0.0259,0.9741,13,0.883,1,0.3967,0
25674.71,0.0003,0.0517,12,0.4939,1,0.0462,0
60889.09,0.3504,0.7957,17,0.828,1,0.1452,0
35118.89,0.3662,0.6457,16,0.6843,0,0.0377,0
8425.68,0.8838,0.2614,0,0.5828,0,0.0246,0
44748.0,0.9126,0.6352,1,0.294,1,0.1785,1
50042.6,0.8805,0.1286,7,0.0243,0,0.7436,0
26431.32,0.1432,0.0694,20,0.2491,1,0.0148,0
59383.5,0.4121,0.9935,10,0.6172,1,0.3045,0
58748.33,0.7459,0.6364,18,0.7768,1,0.5648,0
71690.21,0.3126,0.2532,1,0.0021,1,0.7437,0
66555.11,0.6632,0.45,20,0.1872,1,0.6779,1
66981.14,0.2371,0.9501,1,0.6058,0,0.9884,0
35040.34,0.3234,0.4387,16,0.2553,0,0.2756,0
79806.06,0.8604,0.9004,18,0.1275,1,0.0001,1
57168.72,0.2505,0.8688,6,0.0737,1,0.0382,0
45984.73,0.9643,0.3442,6,0.5741,0,0.0975,0
64471.19,0.3063,0.696,12,0.5354,0,0.9752,0
39262.45,0.0235,0.6605,15,0.7728,1,0.57,0
53710.23,0.2549,0.7712,2,0.2834,0,0.7994,0
74987.04,0.1712,0.3659,4,0.123,0,0.9851,0
89208.27,0.5068,0.0522,15,0.7192,1,0.8443,0
92500.43,0.1127,0.171,16,0.8894,0,0.4076,0
52845.13,0.626,0.6166,3,0.3244,1,0.8759,1
54426.14,0.8749,0.7751,18,0.7788,1,0.4338,0
80987.69,0.3625,0.756,18,0.6863,0,0.114,1
34872.82,0.1685,0.5837,18,0.8204,1,0.5481,0
84551.32,0.4,0.0848,5,0.3819,0,0.9157,0
51943.46,0.786,0.0173,14,0.0912,0,0.7845,0
16006.39,0.5915,0.7821,3,0.1065,0,0.4019,1
11845.62,0.1011,0.5494,4,0.6869,0,0.8549,0
84989.36,0.5372,0.7827,1,0.777,1,0.4642,0
10278.95,0.4681,0.1628,10,0.4113,0,0.6846,0
31658.09,0.3271,0.4074,14,0.0536,0,0.3331,0
36742.35,0.1102,0.9192,4,0.06,1,0.1947,0
21434.47,0.9811,0.1716,3,0.5387,1,0.3135,0
34819.87,0.176,0.0615,5,0.8268,1,0.8752,0
75555.79,0.1927,0.6535,4,0.3596,1,0.9898,0
6394.87,0.1456,0.5945,17,0.5856,1,0.2639,0
83581.48,0.5702,0.952,3,0.4878,0,0.1654,1
86372.06,0.4437,0.9065,5,0.8008,0,0.0711,0
40364.85,0.2496,0.7494,6,0.7491,1,0.7538,0
19593.23,0.4294,0.0192,4,0.1794,0,0.528,0
62079.84,0.6735,0.4804,19,0.6098,1,0.5561,0
16368.89,0.2817,0.8961,4,0.7628,0,0.0452,0
39667.34,0.9152,0.4337,10,0.8372,1,0.0811,0
96050.77,0.3063,0.9621,11,0.5309,0,0.9146,0
99569.12,0.1982,0.6525,5,0.1583,0,0.5767,0
78349.96,0.9546,0.1095,9,0.5024,0,0.2192,0
34541.34,0.8106,0.5093,3,0.5992,0,0.2075,0
70328.18,0.3431,0.6956,10,0.2452,1,0.2409,0
72013.6,0.8414,0.0654,0,0.8757,1,0.0638,0
41844.96,0.5188,0.3446,9,0.2064,1,0.0498,0
65884.42,0.3468,0.7171,7,0.8202,1,0.72,0
6019.13,0.8396,0.1571,7,0.3827,0,0.2638,0
24860.48,0.7522,0.3483,2,0.0005,1,0.3845,1
54883.39,0.2979,0.6899,20,0.489,0,0.5374,0
20556.37,0.6067,0.7755,0,0.5655,0,0.3201,1
20761.15,0.3694,0.5185,3,0.7824,0,0.4788,0
84448.91,0.0011,0.9569,2,0.4865,1,0.865,0
98967.64,0.9618,0.9253,20,0.0847,1,0.2441,1
57817.1,0.5496,0.4734,6,0.8341,0,0.7913,0
84711.62,0.5984,0.1603,9,0.5088,1,0.2639,0
99080.56,0.5999,0.7729,15,0.2444,0,0.1869,1
18451.61,0.5506,0.2431,1,0.809,1,0.0727,0
47583.33,0.29,0.8428,1,0.1088,0,0.6842,0
42294.41,0.9716,0.5871,3,0.0877,0,0.4116,1
12604.68,0.6217,0.3941,14,0.4815,0,0.7704,0
76756.37,0.6709,0.5564,20,0.5624,1,0.1327,0
46209.01,0.4548,0.5328,13,0.4599,1,0.6034,0
49586.06,0.2879,0.9247,18,0.8361,1,0.013,0
19313.93,0.0643,0.2144,18,0.2365,0,0.2338,0
22188.03,0.3502,0.9282,5,0.8912,0,0.6096,0
91174.84,0.1761,0.0313,3,0.0174,1,0.056,0
9241.66,0.6621,0.7692,3,0.1067,0,0.3772,1
27120.97,0.879,0.9197,16,0.1671,1,0.5617,1
32745.64,0.3028,0.3941,14,0.0716,0,0.7276,1
51568.77,0.3329,0.0731,18,0.3944,0,0.7057,0
60712.29,0.6704,0.8047,10,0.7788,1,0.1482,0
51862.55,0.1493,0.8429,20,0.7387,1,0.0752,0
12990.96,0.9294,0.3363,18,0.6703,0,0.3764,0
28148.41,0.3638,0.5186,16,0.0067,0,0.2408,0
85140.9,0.1012,0.8095,16,0.7791,1,0.3057,0
65570.93,0.1747,0.192,2,0.3568,0,0.3425,0
66669.16,0.9327,0.629,15,0.6585,0,0.3972,0
68669.31,0.2471,0.4306,19,0.6542,1,0.5186,0
77475.79,0.6623,0.1744,6,0.1598,1,0.0093,0
10520.31,0.1562,0.8314,17,0.4639,0,0.298,0
39827.8,0.1941,0.3247,7,0.8336,1,0.2644,0
56255.11,0.8792,0.9344,4,0.2367,0,0.2362,1
37153.37,0.148,0.5689,15,0.6435,1,0.7886,0
85225.49,0.0188,0.5145,3,0.8622,1,0.2513,0
50844.39,0.5012,0.4233,10,0.3246,0,0.151,0
78019.62,0.8627,0.4007,19,0.3489,0,0.8518,0
85941.47,0.326,0.818,3,0.4073,1,0.3829,0
52955.19,0.1282,0.6775,3,0.7281,0,0.184,0
91407.46,0.9822,0.7737,19,0.3954,0,0.7512,1
60776.77,0.6767,0.4211,16,0.4376,1,0.6572,0
85776.06,0.8507,0.2614,9,0.2001,1,0.9453,0
37356.13,0.7521,0.0869,8,0.8895,1,0.8778,0
52387.61,0.6982,0.7767,20,0.8031,1,0.6943,0
55484.05,0.3846,0.4153,15,0.5402,1,0.161,0
14973.07,0.3243,0.5092,19,0.8645,1,0.4832,0
42862.49,0.717,0.4693,1,0.6183,1,0.1188,0
92147.08,0.7167,0.4311,11,0.8632,1,0.5494,0
64929.06,0.9506,0.6839,15,0.1454,0,0.9168,1
21863.13,0.5687,0.6087,0,0.2029,0,0.0038,1
37191.29,0.2946,0.9721,10,0.7967,0,0.876,0
23202.29,0.4895,0.1389,1,0.3779,1,0.5393,0
7358.2,0.6137,0.5735,18,0.334,0,0.1512,1
93108.74,0.4267,0.0632,14,0.6789,0,0.8559,0
47579.7,0.7911,0.8079,3,0.5673,0,0.5369,0
34215.83,0.5846,0.6163,10,0.3097,1,0.4482,1
61855.33,0.0094,0.4284,2,0.3581,1,0.4997,1
5694.87,0.5698,0.8022,16,0.3675,0,0.1474,1
31412.1,0.6336,0.455,4,0.1137,1,0.1127,0
71788.18,0.9153,0.2278,12,0.2066,0,0.6616,0
65208.13,0.4137,0.4725,1,0.4838,0,0.8804,0
98271.57,0.5745,0.0708,3,0.7036,1,0.6945,0
63933.98,0.475,0.8979,20,0.3771,0,0.8408,0
50363.06,0.5317,0.731,8,0.345,0,0.8448,1
77336.09,0.0673,0.7603,2,0.5855,0,0.032,0
90816.15,0.8973,0.8745,14,0.1415,1,0.771,1
73466.11,0.9104,0.7916,4,0.3427,1,0.7721,1
96505.07,0.5481,0.4319,12,0.1873,1,0.35,0
79290.49,0.5566,0.1186,17,0.5865,0,0.4098,0
87346.14,0.0576,0.3734,14,0.1011,1,0.7455,0
15839.89,0.598,0.9341,5,0.403,1,0.9866,1
74579.28,0.4292,0.9491,4,0.5366,0,0.9878,0
46808.43,0.709,0.7679,4,0.7503,0,0.4738,1
57544.86,0.0471,0.2044,13,0.6521,1,0.7896,0
67139.73,0.7109,0.1944,14,0.8486,0,0.4661,0
97132.44,0.2869,0.8798,10,0.6119,0,0.866,0
98534.92,0.6517,0.1419,8,0.3143,1,0.6497,0
32381.68,0.6271,0.5841,1,0.2086,0,0.9366,1
74706.58,0.2268,0.3783,17,0.0509,1,0.9972,0
76248.44,0.4405,0.302,13,0.2498,0,0.3302,0
37916.82,0.8356,0.6774,13,0.1232,0,0.9793,1
16767.63,0.6056,0.9596,2,0.3323,0,0.6925,1
8889.96,0.0687,0.7776,6,0.6323,0,0.2381,0
78847.6,0.4429,0.4862,6,0.6228,0,0.0031,1
51521.48,0.3118,0.4407,12,0.2863,1,0.6838,0
98626.32,0.6416,0.9077,16,0.4577,1,0.2224,1
49172.48,0.6146,0.5781,18,0.1951,1,0.2314,1
97902.11,0.0104,0.4966,10,0.4527,1,0.5522,0
44099.72,0.6077,0.6828,7,0.4591,1,0.0309,1
80399.8,0.7348,0.2372,8,0.2712,1,0.4164,0
13057.83,0.7687,0.0637,15,0.2335,1,0.7994,0
57768.86,0.059,0.8551,6,0.8816,1,0.0273,0
81195.68,0.3037,0.6073,8,0.4834,1,0.6239,0
92846.66,0.4213,0.1649,16,0.5059,0,0.1584,0
83145.39,0.1798,0.298,11,0.007,1,0.8628,0
8512.22,0.4207,0.9899,9,0.1637,0,0.3907,0
40406.72,0.0711,0.6344,15,0.321,0,0.8121,0
9626.35,0.1132,0.6361,6,0.8694,1,0.7238,0
15381.82,0.6687,0.0722,1,0.1577,0,0.8778,0
69154.03,0.2626,0.969,16,0.273,1,0.5169,0
72759.53,0.7114,0.8928,9,0.8911,1,0.4861,1
78503.46,0.0481,0.5478,6,0.433,0,0.0374,0
87218.37,0.5627,0.3094,1,0.2866,0,0.5338,0
75245.99,0.3914,0.6981,19,0.5709,0,0.522,0
81082.8,0.797,0.8334,15,0.4467,0,0.6064,0
9651.55,0.784,0.7861,5,0.8617,0,0.131,0
27280.84,0.3756,0.977,12,0.0749,1,0.54,0
64080.29,0.6227,0.6369,9,0.7115,0,0.454,1
86521.9,0.2275,0.3212,6,0.2512,0,0.596,0
5427.51,0.5804,0.4979,6,0.726,0,0.6606,0
53889.79,0.0813,0.8163,1,0.7629,1,0.3614,0
69342.3,0.4346,0.2653,20,0.7643,1,0.5041,0
7812.69,0.1827,0.2314,19,0.78,0,0.3951,0
43128.78,0.8834,0.7248,18,0.6463,0,0.7655,0
90085.31,0.4449,0.4444,6,0.1282,1,0.7964,0
68803.22,0.5908,0.8166,20,0.0467,1,0.2929,1
27577.54,0.3604,0.1437,5,0.3067,1,0.2595,0
86014.21,0.2887,0.3357,17,0.4456,0,0.6783,0
38062.99,0.2029,0.2681,2,0.2724,0,0.774,0
86067.74,0.9119,0.6979,6,0.668,1,0.0109,0
33399.65,0.7995,0.7593,12,0.6502,0,0.4274,0
61080.42,0.1333,0.456,20,0.8747,1,0.3077,0
42709.31,0.7467,0.478,5,0.3605,0,0.7665,0
31108.38,0.4185,0.132,9,0.7072,0,0.1435,0
89222.97,0.0154,0.7018,17,0.6671,1,0.7782,0
22821.4,0.5284,0.9923,9,0.8899,1,0.6614,0
13057.1,0.13,0.7779,14,0.6963,1,0.8429,0
37483.06,0.2099,0.2231,8,0.2552,0,0.9902,0
73175.72,0.696,0.6231,0,0.0137,0,0.4766,1
81706.0,0.2571,0.295,5,0.8713,1,0.6994,0
99880.62,0.8919,0.0302,11,0.6445,0,0.71,1
33154.4,0.6572,0.1798,0,0.7313,0,0.8446,1
43754.49,0.8323,0.1026,4,0.7139,1,0.5181,0
17998.02,0.6152,0.1959,20,0.6622,0,0.1076,0
59612.83,0.8688,0.7956,0,0.6763,0,0.9794,0
99770.1,0.3617,0.2928,5,0.8365,1,0.0568,0
71583.7,0.5491,0.757,13,0.8227,1,0.9624,1
61545.22,0.5159,0.9489,11,0.3413,0,0.2554,0
42275.06,0.9038,0.5743,4,0.0279,0,0.4925,1
91953.38,0.1649,0.4854,1,0.0348,0,0.9507,0
52207.08,0.5781,0.7501,18,0.402,0,0.6767,1
17764.86,0.7544,0.0971,11,0.7515,0,0.5856,0
39710.95,0.37,0.4282,12,0.7629,1,0.3259,0
11380.83,0.8676,0.4988,1,0.364,0,0.2924,0
24188.01,0.373,0.8311,4,0.2715,0,0.0328,0
6678.53,0.1733,0.8142,1,0.4559,1,0.5863,0
48061.59,0.584,0.8483,20,0.7493,1,0.4301,0
65281.33,0.4206,0.6979,16,0.5728,0,0.2243,0
37612.78,0.0152,0.5306,11,0.1258,1,0.3842,0
44936.27,0.0698,0.8279,14,0.326,1,0.9409,0
96124.88,0.1953,0.8733,3,0.4999,1,0.8484,0
76436.5,0.7693,0.4805,20,0.4844,0,0.4304,1
56381.38,0.892,0.9857,10,0.7476,1,0.98,0
32031.38,0.5456,0.8748,10,0.839,1,0.4621,0
90214.7,0.1056,0.5105,20,0.0904,1,0.3491,0
27334.23,0.5344,0.0693,2,0.202,1,0.3879,0
35907.56,0.8556,0.2245,8,0.3529,1,0.8746,0
91361.16,0.7495,0.7764,1,0.2668,1,0.2678,1
55306.5,0.2911,0.1112,8,0.3675,1,0.2221,0
75520.21,0.1239,0.4698,5,0.0366,0,0.9605,0
61120.76,0.9007,0.6049,9,0.0594,1,0.7343,1
67076.72,0.8541,0.8783,14,0.7545,1,0.7638,0
33441.41,0.0537,0.8471,5,0.0923,1,0.7403,0
27930.35,0.8237,0.7643,1,0.7417,1,0.6829,0
35636.77,0.0972,0.4077,3,0.2759,0,0.0912,0
19766.95,0.0633,0.1422,15,0.2783,1,0.7537,0
88059.86,0.7586,0.6696,12,0.0907,0,0.2489,1
31908.46,0.5363,0.1813,20,0.0119,0,0.1324,1
58341.49,0.4145,0.5613,18,0.3198,0,0.983,0
80237.57,0.9039,0.9807,3,0.7518,1,0.0279,0
79463.29,0.8393,0.5503,15,0.828,0,0.0316,0
46646.69,0.0576,0.6456,1,0.0554,1,0.3099,0
50244.44,0.6161,0.6776,2,0.0278,0,0.8442,1
99496.67,0.7723,0.8304,16,0.1429,0,0.9779,0
69086.76,0.5505,0.435,8,0.6897,0,0.1185,0
82390.65,0.983,0.4975,20,0.1844,1,0.3954,1
90742.63,0.686,0.176,0,0.2077,0,0.7343,0
79821.03,0.1041,0.6147,10,0.8,1,0.6455,1
22592.04,0.1983,0.2958,6,0.7875,1,0.2334,1
58406.22,0.8262,0.5076,20,0.6033,0,0.3292,0
14679.94,0.9968,0.7666,14,0.1476,1,0.5944,1
67027.6,0.0983,0.0176,16,0.343,1,0.0354,0
95758.2,0.1003,0.5639,6,0.2126,0,0.7582,0
53709.55,0.7634,0.1734,18,0.6047,0,0.2754,0
46132.39,0.0644,0.2794,17,0.7019,1,0.8283,1
8405.06,0.0686,0.0347,16,0.1279,0,0.6837,0
96178.58,0.8888,0.1695,10,0.8082,1,0.6454,0
14785.25,0.8004,0.9866,19,0.4165,1,0.7674,1
8902.51,0.8816,0.9985,14,0.7155,1,0.0751,0
28376.33,0.6505,0.7198,1,0.0465,0,0.26,1
11225.39,0.3225,0.6119,18,0.3245,0,0.5217,0
48236.2,0.9063,0.777,0,0.0133,1,0.7772,1
54028.34,0.2987,0.8966,14,0.6466,0,0.8491,0
34694.15,0.2755,0.5193,5,0.0715,1,0.3821,0
9841.25,0.8864,0.0353,18,0.3045,0,0.7936,0
15602.03,0.6808,0.7094,15,0.7036,0,0.2203,0
41527.92,0.8957,0.9846,16,0.6741,1,0.0824,0
10750.2,0.1559,0.2581,14,0.5763,1,0.2466,0
71328.02,0.9523,0.4635,11,0.6246,1,0.9031,0
24666.95,0.6127,0.3613,18,0.5861,1,0.544,0
33696.8,0.668,0.3905,6,0.5771,1,0.4813,0
42441.95,0.9141,0.7214,11,0.3147,0,0.7433,0
44577.92,0.3808,0.3784,6,0.0253,1,0.0101,0
5157.77,0.7196,0.9411,2,0.3976,0,0.1183,1
15646.69,0.6403,0.7897,18,0.0409,1,0.0996,0
86962.63,0.7878,0.0276,10,0.422,1,0.1217,0
5117.14,0.8969,0.8185,1,0.4177,1,0.4535,1
53275.9,0.6801,0.7729,17,0.1608,0,0.2807,1
51502.69,0.0676,0.5165,19,0.7058,1,0.7857,0
36643.95,0.1831,0.4968,13,0.6338,1,0.839,0
45976.07,0.954,0.8355,6,0.5036,1,0.9249,0
79155.21,0.9687,0.4248,18,0.8333,0,0.1961,0
84914.35,0.9674,0.1595,15,0.2585,0,0.5029,0
29733.11,0.0368,0.3129,5,0.2358,0,0.0487,0
35636.59,0.3824,0.2652,6,0.1651,1,0.2399,0
28035.87,0.7597,0.6811,20,0.49,0,0.6151,1
50587.02,0.7529,0.1789,20,0.1848,0,0.4224,0
69909.54,0.0859,0.6448,14,0.782,1,0.6907,1
26684.02,0.6095,0.466,0,0.2739,0,0.8392,1
36419.9,0.1429,0.8397,4,0.4418,0,0.0595,0
93386.54,0.4932,0.485,7,0.4766,1,0.9386,0
9614.08,0.2397,0.9298,11,0.2769,0,0.0424,0
48773.11,0.0532,0.9005,18,0.6646,0,0.9817,0
72598.01,0.08,0.1853,17,0.6229,0,0.6376,0
19293.13,0.9109,0.6862,5,0.6847,0,0.0433,0
9500.53,0.7446,0.2146,2,0.5453,1,0.3936,0
18129.51,0.9318,0.8233,5,0.4142,1,0.2582,0
92288.2,0.47,0.6357,4,0.404,1,0.7986,0
5879.68,0.4133,0.2941,18,0.6449,0,0.2255,0
22890.59,0.3584,0.2491,0,0.3393,0,0.8262,0
7971.93,0.6163,0.4296,17,0.3935,0,0.3123,0
15509.8,0.3516,0.8007,13,0.1473,0,0.9891,0
63914.18,0.7463,0.7962,2,0.6117,0,0.2704,0
27955.7,0.8013,0.0334,14,0.0692,1,0.685,0
59075.14,0.8758,0.3023,12,0.8915,1,0.8002,0
61068.56,0.2428,0.4229,0,0.1294,1,0.2165,1
85696.36,0.527,0.5856,4,0.3447,0,0.0758,0
5450.43,0.2234,0.1495,7,0.214,1,0.5512,0
86070.1,0.0376,0.3353,4,0.2616,0,0.6771,0
63816.31,0.7078,0.8856,12,0.2902,1,0.8173,1
20460.63,0.549,0.4765,12,0.6465,1,0.2728,0
78429.05,0.7239,0.7441,3,0.1591,0,0.8723,1
86271.7,0.0876,0.4848,2,0.2375,0,0.9158,1
29155.03,0.9955,0.465,13,0.0911,0,0.7792,1
92285.4,0.9943,0.6219,9,0.2983,1,0.0076,1
48173.46,0.465,0.2594,5,0.8471,1,0.0872,0
62325.32,0.8661,0.2498,5,0.3421,0,0.9977,0
98541.71,0.2436,0.9894,0,0.6996,0,0.7339,0
39345.93,0.7376,0.869,17,0.4155,1,0.6268,1
82250.14,0.8792,0.7378,17,0.4046,1,0.9014,1
35247.92,0.8147,0.1371,11,0.7416,1,0.0396,0
80925.28,0.8118,0.0302,7,0.0241,1,0.7574,0
62069.72,0.463,0.1754,4,0.7784,0,0.6547,0
25553.79,0.82,0.9377,6,0.4367,1,0.8482,1
44332.48,0.6907,0.8163,19,0.316,0,0.7779,1
35175.39,0.1325,0.5231,1,0.8162,0,0.4849,0
12420.3,0.1142,0.9688,17,0.3059,0,0.071,1
7834.3,0.7719,0.1466,6,0.8799,0,0.9094,0
37915.47,0.6255,0.5592,5,0.8427,0,0.7635,0
6808.24,0.5194,0.1832,17,0.2411,0,0.3564,0
20721.34,0.9073,0.3064,20,0.3065,0,0.9839,0
73892.42,0.6596,0.9401,20,0.731,0,0.3111,0
72268.67,0.3961,0.8683,5,0.176,0,0.3706,0
75165.14,0.4139,0.1018,12,0.6588,0,0.9747,0
35129.55,0.6052,0.2495,6,0.1162,0,0.6681,0
89551.85,0.7603,0.5945,4,0.185,1,0.8792,1
61413.9,0.5644,0.0614,8,0.4505,0,0.8878,0
16972.5,0.5088,0.5501,1,0.6713,1,0.5364,0
18653.27,0.7269,0.5845,3,0.6655,0,0.267,0
70844.07,0.7053,0.291,12,0.548,0,0.8474,0
21429.67,0.8303,0.2931,14,0.2449,1,0.5019,0
53192.81,0.0626,0.2291,5,0.3738,0,0.5644,0
99218.58,0.755,0.9357,11,0.2216,0,0.5414,1
5380.72,0.5138,0.3889,16,0.2493,0,0.0096,0
6575.08,0.0747,0.5853,18,0.2909,1,0.0459,0
99343.04,0.679,0.3016,11,0.539,1,0.6164,0
60540.69,0.7165,0.7027,5,0.1868,1,0.7944,1
17056.45,0.5236,0.1014,14,0.0383,0,0.457,0
90243.71,0.7938,0.0716,3,0.6232,0,0.1904,0
88636.13,0.3002,0.7443,2,0.0196,1,0.4066,0
55939.04,0.2019,0.7267,7,0.8737,0,0.7683,0
64070.24,0.3507,0.265,6,0.3153,1,0.1086,0
30952.78,0.4101,0.355,3,0.0059,0,0.5602,0
9799.37,0.6959,0.9573,1,0.7961,0,0.7022,0
61483.92,0.8455,0.1043,19,0.5398,1,0.4158,0
33001.74,0.7209,0.1831,14,0.7357,0,0.6013,0
68044.0,0.174,0.43,15,0.3915,0,0.8835,0
84443.29,0.3662,0.2821,1,0.3188,0,0.2128,1
6725.25,0.1584,0.649,16,0.5897,0,0.1351,0
61592.81,0.6867,0.6906,7,0.3654,0,0.0608,1
26971.65,0.2482,0.5264,15,0.5006,1,0.7262,0
88019.41,0.5254,0.6112,10,0.25,0,0.9005,1
29098.13,0.7918,0.4334,5,0.2994,1,0.6904,0
63023.16,0.6709,0.7604,5,0.074,0,0.9765,1
57586.38,0.2984,0.0421,2,0.7032,0,0.7081,0
42635.82,0.3329,0.3129,17,0.314,1,0.2885,0
69373.97,0.6534,0.6844,9,0.8775,1,0.2556,0
73948.12,0.5495,0.3296,16,0.2338,0,0.6667,0
58859.09,0.0964,0.0785,17,0.4275,0,0.6758,0
77050.11,0.874,0.345,3,0.275,1,0.5238,0
98424.62,0.5126,0.7115,6,0.6245,0,0.5269,1
44830.88,0.4734,0.122,2,0.7275,1,0.4166,0
53885.39,0.1984,0.7246,0,0.4383,0,0.3499,0
6184.64,0.377,0.7755,20,0.3302,1,0.6341,0
80622.71,0.3328,0.6353,13,0.6703,1,0.7475,1
54421.86,0.2707,0.2442,9,0.1723,0,0.8134,0
43756.34,0.5674,0.8053,4,0.5395,0,0.3078,0
13936.84,0.4623,0.2144,12,0.6603,0,0.8577,0
89517.36,0.8892,0.9058,11,0.2423,1,0.3027,0
42525.69,0.9413,0.7066,4,0.5901,0,0.3049,1
69845.25,0.2195,0.0547,0,0.6617,1,0.806,0
19190.54,0.1001,0.7993,9,0.1057,1,0.9694,0
96347.21,0.7853,0.5064,10,0.2915,1,0.9322,1
21951.97,0.9949,0.4526,16,0.3657,0,0.1111,1
23956.49,0.8636,0.4205,8,0.6984,0,0.2885,0
86603.37,0.0237,0.6066,2,0.5108,1,0.7599,0
91695.36,0.2513,0.7246,18,0.4046,0,0.8062,0
25154.0,0.0433,0.896,8,0.2869,0,0.5043,0
49631.08,0.8208,0.2729,15,0.0037,1,0.0161,0
74682.02,0.5814,0.6308,0,0.0182,0,0.5018,1
88444.74,0.5137,0.6863,0,0.2164,0,0.0311,0
41010.01,0.5544,0.6748,0,0.105,1,0.2814,1
54116.85,0.2525,0.493,16,0.1076,1,0.6569,0
75463.06,0.6016,0.391,5,0.5425,1,0.1346,1
74457.92,0.0307,0.7624,16,0.5449,0,0.7125,0
79381.21,0.646,0.3,19,0.0403,1,0.6214,0
59143.71,0.7344,0.2081,13,0.5345,1,0.4297,0
14938.43,0.673,0.5458,20,0.1312,1,0.3722,1
90877.46,0.3321,0.2676,19,0.3395,1,0.9147,0
87229.39,0.8263,0.0332,15,0.8907,1,0.5532,0
80819.26,0.7155,0.0516,16,0.4698,1,0.8889,0
14486.94,0.1283,0.695,12,0.0308,1,0.4124,0
24417.75,0.1951,0.9731,4,0.3129,0,0.5946,0
75642.03,0.6371,0.4547,2,0.6038,1,0.9546,0
7198.31,0.2894,0.1471,8,0.2021,0,0.1241,0
98026.34,0.1194,0.8181,9,0.868,1,0.2628,0
40828.74,0.155,0.2614,7,0.3828,0,0.9167,0
73334.69,0.1656,0.9956,2,0.019,0,0.422,0
89319.25,0.4778,0.5633,10,0.4865,0,0.272,0
42489.84,0.6074,0.2326,10,0.6086,1,0.9973,0
35317.59,0.1764,0.496,20,0.4104,1,0.1022,0
62830.41,0.7125,0.3354,20,0.8354,0,0.6115,0
60193.99,0.281,0.7795,12,0.8117,0,0.7881,0
43868.3,0.3116,0.1058,17,0.1251,1,0.7867,0
62168.6,0.2235,0.857,6,0.072,0,0.4418,0
93861.23,0.7852,0.7673,20,0.2811,0,0.044,1
49425.82,0.9598,0.8614,19,0.5473,0,0.841,0
23690.51,0.4925,0.895,2,0.5414,1,0.8027,0
40834.57,0.042,0.2298,14,0.2445,0,0.2374,0
42440.16,0.2606,0.521,9,0.856,0,0.3405,0
17455.33,0.1581,0.8499,5,0.2766,1,0.5126,1
20472.79,0.8428,0.3774,8,0.7238,0,0.1141,0
70033.4,0.0849,0.0604,19,0.7488,1,0.8206,0
37250.39,0.9665,0.2916,19,0.0886,1,0.9221,0
95715.35,0.5885,0.2419,7,0.2093,0,0.3082,0
28141.69,0.5177,0.8701,9,0.1937,0,0.924,0
14397.83,0.8474,0.4638,10,0.8277,0,0.8009,1
76582.93,0.0275,0.6835,15,0.316,0,0.7278,0
88698.42,0.7772,0.9621,10,0.7528,1,0.9692,0
31420.77,0.1166,0.2992,8,0.4302,1,0.3247,0
24198.37,0.8408,0.7612,19,0.4115,1,0.9156,1
22647.78,0.5292,0.0228,7,0.8131,0,0.0984,0
54591.17,0.0611,0.1041,5,0.3968,1,0.478,0
49499.58,0.8332,0.1619,6,0.6704,1,0.552,0
29646.78,0.0273,0.3124,6,0.3819,1,0.1228,0
9291.45,0.1384,0.403,11,0.0917,0,0.7374,0
50741.68,0.7978,0.477,13,0.0478,1,0.4752,1
96136.57,0.4649,0.2453,2,0.1874,0,0.4555,0
66989.32,0.8814,0.0662,18,0.65,1,0.5814,1
52073.12,0.6354,0.6775,5,0.3363,1,0.1347,1
15515.75,0.6235,0.0237,2,0.4087,1,0.2,0
28981.45,0.2922,0.8095,14,0.0917,0,0.1807,0
33003.53,0.1337,0.9292,4,0.5607,1,0.9519,0
77656.34,0.9612,0.7104,15,0.7231,1,0.7732,0
88287.53,0.1048,0.596,19,0.5622,1,0.5292,0
90655.98,0.529,0.657,14,0.8862,1,0.6595,0
98534.02,0.2726,0.6522,16,0.0147,1,0.65,1
98324.83,0.2641,0.9317,10,0.0141,0,0.2623,0
95534.92,0.5946,0.9643,7,0.45,0,0.0866,1
11823.1,0.7979,0.4267,12,0.2398,1,0.5549,0
18090.39,0.7772,0.6171,7,0.6179,0,0.263,0
33924.32,0.8688,0.8028,18,0.7139,0,0.8735,0
57525.33,0.2929,0.001,9,0.0922,1,0.2361,0
14212.9,0.4658,0.527,10,0.8256,0,0.5729,0
85350.71,0.0093,0.6529,14,0.0269,1,0.4201,1
63591.84,0.7469,0.7172,3,0.6196,0,0.7429,0
56524.62,0.3023,0.3688,11,0.3461,0,0.9507,0
20704.58,0.5615,0.2956,15,0.6007,0,0.4116,0
29059.27,0.1693,0.1821,16,0.0879,0,0.0444,0
20229.64,0.8194,0.5578,4,0.8434,0,0.6614,0
85933.65,0.8173,0.9193,1,0.8437,0,0.1292,0
60501.65,0.8775,0.896,4,0.4675,1,0.1045,1
74837.3,0.0459,0.36,17,0.4586,0,0.6616,0
33123.12,0.9925,0.2579,5,0.5713,1,0.1028,0
40269.0,0.2478,0.7888,1,0.5221,1,0.1288,0
43461.22,0.3094,0.725,12,0.4892,1,0.4391,0
77201.42,0.2493,0.5053,18,0.5303,1,0.4523,0
78373.53,0.2675,0.389,4,0.7728,0,0.9137,0
24647.29,0.5527,0.1238,0,0.55,0,0.2761,0
94446.19,0.2398,0.7851,2,0.1763,1,0.4009,0
16462.26,0.3938,0.6175,2,0.8225,0,0.7075,0
90131.6,0.6556,0.3769,4,0.1944,1,0.827,0
14537.59,0.836,0.9188,3,0.1486,0,0.3491,1
30131.28,0.6927,0.6597,13,0.8974,0,0.6311,0
85415.46,0.5943,0.9292,4,0.1921,0,0.6242,1
22051.75,0.1477,0.4744,11,0.0901,0,0.3032,0
44288.95,0.8161,0.4546,8,0.5058,0,0.1186,0
47736.63,0.0373,0.9372,13,0.7445,1,0.6825,0
28299.6,0.2642,0.9598,13,0.0547,1,0.2681,1
72473.29,0.0571,0.9608,12,0.4411,0,0.3183,0
85876.79,0.6674,0.8189,18,0.0617,0,0.5724,1
88084.64,0.3684,0.4624,4,0.3858,0,0.1608,0
37235.6,0.652,0.2103,11,0.3096,1,0.2415,0
55430.79,0.347,0.3834,8,0.1234,0,0.4461,0
28598.61,0.4557,0.9383,11,0.8379,1,0.8785,0
28255.67,0.458,0.3636,2,0.5714,1,0.7723,0
20319.14,0.0456,0.7567,6,0.7588,0,0.3176,0
94301.81,0.4302,0.923,19,0.8154,1,0.3021,0
89358.94,0.6411,0.9704,16,0.8372,0,0.9873,0
78849.08,0.5461,0.9477,8,0.6733,1,0.6534,0
54177.84,0.0753,0.5551,2,0.2763,0,0.6855,0
51607.75,0.6681,0.4919,13,0.746,1,0.0551,0
55325.84,0.3089,0.9876,6,0.4682,0,0.105,0
55973.96,0.0144,0.2182,6,0.2445,0,0.2945,0
46283.49,0.1556,0.1875,2,0.3472,1,0.842,0
17516.71,0.4976,0.9632,6,0.2711,1,0.9107,0
16938.07,0.3104,0.6892,4,0.4196,1,0.191,0
95463.72,0.6944,0.5363,0,0.7032,0,0.7142,0
50792.92,0.2407,0.132,12,0.4364,1,0.8741,0
95554.52,0.7728,0.5132,20,0.2411,1,0.8789,1
20539.8,0.2865,0.9442,2,0.0787,1,0.4588,1
57669.57,0.6209,0.6029,1,0.7702,0,0.2588,0
24733.14,0.7992,0.4046,2,0.3756,1,0.9563,0
29052.54,0.3856,0.5511,11,0.3977,0,0.2766,0
7855.18,0.0468,0.8861,17,0.6873,1,0.2527,0
16300.56,0.5354,0.9128,6,0.7648,0,0.2057,0
92100.6,0.9954,0.4001,2,0.46,0,0.5325,0
35545.63,0.969,0.6081,2,0.5691,0,0.1072,0
62772.28,0.221,0.2792,12,0.2152,0,0.5707,0
49176.34,0.7557,0.4511,7,0.8416,1,0.9437,0
43042.87,0.345,0.2199,7,0.5111,0,0.505,1
55529.18,0.1603,0.5315,5,0.6476,0,0.9653,0
22787.7,0.6659,0.5782,18,0.1028,0,0.9057,1
98917.37,0.5009,0.3378,7,0.5732,1,0.7923,1
82739.25,0.5392,0.2721,14,0.3321,1,0.6081,0
75453.39,0.8274,0.151,15,0.4051,1,0.8807,0
49532.13,0.3365,0.1395,1,0.6139,0,0.555,1
19523.33,0.6671,0.7115,5,0.7167,1,0.2072,0
92463.26,0.3662,0.2216,18,0.3144,1,0.9252,1
37431.77,0.0427,0.118,18,0.7859,1,0.5022,0
9760.14,0.378,0.9989,8,0.1971,0,0.9077,0
37528.35,0.95,0.2599,3,0.5066,1,0.3931,0
80473.42,0.4833,0.896,6,0.1361,1,0.3357,0
64157.33,0.1082,0.6092,19,0.2603,0,0.766,0
76329.67,0.6878,0.7151,14,0.8059,0,0.6344,0
80395.36,0.9634,0.5609,1,0.0104,1,0.4397,1
25135.69,0.9079,0.1808,15,0.8241,0,0.8786,0
92759.42,0.572,0.8471,3,0.2956,1,0.5166,1
46609.01,0.3763,0.828,6,0.6262,1,0.0128,0
65706.3,0.5807,0.3497,10,0.0825,1,0.6932,0
5219.33,0.8159,0.7639,7,0.5771,0,0.0632,0
99370.01,0.8612,0.543,14,0.8185,0,0.4811,0
31685.16,0.8188,0.909,3,0.4997,1,0.1921,1
10896.0,0.4555,0.8028,18,0.3259,1,0.242,0
48534.89,0.1189,0.041,12,0.7142,1,0.9798,0
17257.86,0.5692,0.8793,6,0.6415,1,0.1135,0
19471.04,0.1564,0.9686,20,0.1059,0,0.7577,0
65066.87,0.061,0.7422,10,0.5991,0,0.6374,0
42328.1,0.4987,0.1199,8,0.5982,0,0.195,0
92575.98,0.6554,0.8074,0,0.6767,0,0.9353,0
35319.87,0.8541,0.6475,20,0.2847,0,0.2014,1
73987.11,0.7828,0.3388,17,0.3612,1,0.5156,0
48804.45,0.8572,0.884,3,0.864,0,0.7905,0
67695.37,0.7601,0.5656,19,0.5161,0,0.7636,0
61971.06,0.7032,0.8529,16,0.4577,1,0.3197,1
49914.48,0.0101,0.6701,8,0.8882,1,0.8393,1
95255.8,0.6261,0.2885,19,0.2066,1,0.9621,0
37557.8,0.1205,0.975,11,0.3581,0,0.474,0
21837.37,0.0587,0.571,14,0.6839,0,0.6523,1
69418.94,0.1564,0.5168,3,0.6418,1,0.3645,0
85370.72,0.8233,0.4035,2,0.87,1,0.3541,0
8824.11,0.7438,0.1363,11,0.5889,0,0.4697,0
47715.11,0.9488,0.6862,6,0.2818,1,0.1971,1
89786.33,0.979,0.4308,20,0.3579,1,0.6894,0
76213.77,0.8933,0.9346,1,0.0807,0,0.1656,1
99221.73,0.1329,0.9651,16,0.8313,0,0.0052,0
55484.31,0.8784,0.7676,12,0.1158,0,0.4395,1
67699.59,0.8386,0.2425,18,0.4911,1,0.0764,0
33735.63,0.8711,0.716,20,0.3613,1,0.5624,1
95015.88,0.1517,0.0204,18,0.1208,0,0.5204,0
39801.87,0.1168,0.8264,7,0.2637,1,0.1373,0
75158.52,0.9238,0.4936,14,0.5702,1,0.246,1
43298.32,0.1738,0.9367,3,0.0281,0,0.0245,0
58372.8,0.3686,0.3778,10,0.8694,1,0.594,0
73379.34,0.456,0.2632,5,0.8182,0,0.2929,0
53348.74,0.1244,0.9951,5,0.0761,0,0.713,0
91173.2,0.0206,0.5307,11,0.7815,0,0.6298,0
44833.59,0.9941,0.8632,2,0.2957,1,0.3736,1
66471.82,0.8767,0.9111,11,0.0608,1,0.0217,1
37524.43,0.9123,0.5185,8,0.2755,0,0.3202,0
43774.88,0.2846,0.4557,4,0.728,1,0.3249,0
46804.76,0.2201,0.5529,11,0.5992,0,0.3327,0
16951.67,0.4259,0.8477,15,0.2147,0,0.9534,1
13713.75,0.4533,0.9647,12,0.6473,1,0.1646,0
68411.54,0.0056,0.3283,1,0.637,1,0.2701,0
67274.19,0.7793,0.7386,11,0.6686,0,0.8324,1
67976.42,0.9967,0.2854,13,0.4866,0,0.9252,0
6877.81,0.5287,0.611,14,0.7371,0,0.4683,0
36021.95,0.3883,0.8048,8,0.5772,1,0.54,0
23791.94,0.3928,0.8865,1,0.1129,1,0.0529,1
78924.39,0.0961,0.4487,2,0.7292,1,0.808,0
86759.89,0.2662,0.3698,6,0.2914,1,0.5946,0
28434.64,0.5021,0.2535,13,0.6345,0,0.479,0
68445.67,0.4318,0.1334,15,0.6076,1,0.3026,1
17289.47,0.545,0.3649,14,0.3023,0,0.4438,0
31139.49,0.8491,0.872,6,0.1455,1,0.7353,1
18172.18,0.2252,0.4188,9,0.6255,0,0.0808,0
31934.47,0.0277,0.3173,0,0.7641,1,0.5068,0
69099.97,0.0382,0.7391,16,0.7544,1,0.0346,0
91481.06,0.1342,0.2156,7,0.5639,1,0.7723,0
24239.63,0.5705,0.2563,10,0.2047,1,0.211,0
56497.51,0.8082,0.9359,9,0.2846,0,0.9034,1
71632.15,0.8868,0.0816,6,0.6792,0,0.4761,0
95527.63,0.6351,0.4146,3,0.3698,0,0.4573,0
62955.75,0.4031,0.5768,20,0.6592,1,0.3604,0
29235.16,0.1545,0.2303,2,0.2785,0,0.5164,0
64420.42,0.4014,0.281,19,0.0057,1,0.338,1
35446.66,0.3324,0.2218,2,0.5431,1,0.3599,0
97732.2,0.87,0.3452,2,0.5408,0,0.1956,0
42969.23,0.4867,0.8985,18,0.5648,1,0.3452,0
70115.63,0.2262,0.4316,19,0.2414,0,0.8117,0
7206.62,0.2888,0.4178,18,0.73,0,0.2457,0
43005.84,0.1365,0.3866,16,0.4387,1,0.8213,0
88135.22,0.9186,0.9641,10,0.6861,0,0.8613,0
62971.61,0.0503,0.1173,2,0.55,0,0.6663,0
47174.57,0.0128,0.8719,12,0.3745,1,0.0307,1
93914.06,0.183,0.3272,10,0.6117,1,0.561,0
86128.52,0.8109,0.9565,15,0.5175,0,0.8331,0
35610.49,0.5235,0.3152,0,0.4596,1,0.3658,0
56732.1,0.6258,0.0829,1,0.5837,1,0.2828,0
51533.3,0.3577,0.52,12,0.0773,0,0.3214,0
65059.24,0.0687,0.2279,17,0.8192,0,0.4231,0
36740.57,0.8562,0.753,19,0.3016,0,0.0702,1
28199.48,0.1919,0.6573,11,0.2022,1,0.2377,0
91703.82,0.0331,0.6865,7,0.6946,0,0.6469,0
92768.08,0.5727,0.1935,9,0.2081,0,0.4725,0
85115.67,0.0833,0.7086,10,0.8962,0,0.2473,0
97929.42,0.0958,0.3113,13,0.3784,1,0.9309,0
75774.19,0.8004,0.9987,4,0.267,0,0.2955,1
77643.39,0.4916,0.7318,8,0.0559,1,0.1293,0
77446.06,0.2415,0.5904,11,0.0376,1,0.1993,0
50657.72,0.3486,0.8671,17,0.0856,1,0.2966,0
48362.96,0.7292,0.5893,16,0.0045,1,0.5226,1
27821.5,0.0664,0.5527,15,0.2944,0,0.0663,0
66257.82,0.1165,0.2373,4,0.2794,1,0.8549,0
32485.41,0.6163,0.6781,8,0.3871,0,0.8775,1
29491.8,0.607,0.3746,11,0.2096,0,0.3184,0
60666.33,0.9725,0.0431,20,0.0565,1,0.7753,0
43948.33,0.3745,0.8161,7,0.064,0,0.5997,0
25791.38,0.0651,0.0519,19,0.1639,0,0.8454,0
82525.32,0.5375,0.6723,15,0.2849,1,0.277,0
86754.14,0.6383,0.1567,13,0.1332,1,0.6102,0
20931.45,0.1396,0.4326,14,0.3286,0,0.0727,0
5713.17,0.5529,0.8591,16,0.83,1,0.0095,0
36932.35,0.1978,0.0944,14,0.2354,0,0.8747,0
80763.53,0.8447,0.6672,14,0.1516,1,0.2945,1
84721.52,0.8352,0.6126,7,0.5983,1,0.4454,0
18141.26,0.4296,0.8675,8,0.4418,0,0.2318,0
78561.91,0.9667,0.1727,12,0.0425,1,0.8768,0
15991.9,0.9798,0.7998,17,0.709,1,0.3845,0
42055.95,0.1293,0.4501,13,0.6438,1,0.1791,1
99867.9,0.3677,0.4286,20,0.8796,0,0.608,0
23296.13,0.6003,0.3618,14,0.8445,0,0.2055,1
19626.54,0.0848,0.3856,8,0.5258,0,0.2607,0
45166.03,0.3827,0.52,12,0.6174,1,0.6728,0
63868.51,0.2612,0.1068,13,0.3686,1,0.9592,0
93625.57,0.9521,0.4251,18,0.7996,0,0.7548,0
98178.01,0.4116,0.652,5,0.4975,0,0.1241,0
11615.86,0.7627,0.4982,5,0.293,0,0.3126,1
18109.76,0.3867,0.1658,4,0.0085,1,0.7964,0
80120.11,0.1318,0.3631,1,0.5278,0,0.2751,1
30710.05,0.8632,0.443,14,0.4729,1,0.7401,0
89060.66,0.0004,0.6689,20,0.7307,1,0.4718,0
68028.06,0.0559,0.9008,12,0.1683,0,0.8844,0
15625.26,0.3644,0.5504,1,0.7339,0,0.3591,0
84090.28,0.6869,0.6764,7,0.0138,0,0.9346,0
21753.86,0.3417,0.0772,18,0.5286,1,0.4074,0
45232.06,0.0663,0.9545,1,0.3572,0,0.7262,0
57457.57,0.3178,0.3152,12,0.2984,1,0.1952,0
52572.78,0.245,0.3543,9,0.39,1,0.5308,0
70185.48,0.0054,0.2228,19,0.2012,1,0.3101,0
67005.24,0.5348,0.0847,10,0.1651,0,0.0127,0
99243.99,0.1166,0.79,11,0.7246,0,0.4373,0
99945.08,0.2875,0.2405,15,0.205,0,0.1725,0
54063.64,0.6412,0.2827,17,0.6633,1,0.9586,1
14043.91,0.7251,0.1818,10,0.6402,0,0.8086,0
74145.11,0.2635,0.9749,15,0.0301,0,0.7395,0
97783.09,0.3292,0.781,16,0.793,0,0.4533,0
35241.01,0.2469,0.9299,11,0.7104,0,0.2591,0
48814.84,0.9569,0.8617,15,0.7165,0,0.3244,1
45353.81,0.1905,0.9063,7,0.7283,0,0.2044,0
9884.82,0.1832,0.479,7,0.5243,0,0.5519,0
68865.12,0.445,0.1705,0,0.894,1,0.8113,0
38567.08,0.1893,0.3269,14,0.1612,1,0.1874,1
79809.07,0.1567,0.2925,5,0.0651,1,0.0045,1
84051.41,0.0959,0.7171,17,0.6338,0,0.1256,0
83016.92,0.6402,0.0257,19,0.2645,1,0.4609,0
44583.27,0.6121,0.142,18,0.5474,0,0.0186,0
35546.84,0.6502,0.6829,5,0.3525,0,0.4033,1
76137.97,0.7733,0.1234,13,0.3002,1,0.1112,0
81132.0,0.3264,0.0483,15,0.8039,0,0.1078,0
51669.46,0.9184,0.1092,10,0.1278,1,0.7126,0
89837.95,0.7332,0.6907,10,0.1701,0,0.9995,1
18671.33,0.8047,0.1393,9,0.6011,0,0.1945,0
88511.53,0.721,0.1463,6,0.7043,1,0.2296,1
14129.05,0.3585,0.2303,12,0.749,0,0.2964,1
19584.92,0.283,0.7509,20,0.208,1,0.7851,1
55714.8,0.4225,0.2004,4,0.7939,0,0.5059,0
11414.26,0.097,0.0354,0,0.5486,1,0.5707,1
10016.67,0.4513,0.9059,1,0.7409,0,0.5465,0
5049.28,0.0431,0.8763,12,0.0617,0,0.9374,0
46450.08,0.0039,0.1848,5,0.3212,0,0.0349,0
78589.27,0.9315,0.2653,9,0.4724,0,0.1579,0
8309.64,0.6893,0.1886,19,0.5193,1,0.3821,0
66964.47,0.5618,0.7195,1,0.0892,1,0.488,1
83197.1,0.3411,0.25,3,0.4848,1,0.1139,0
20960.08,0.5705,0.9314,4,0.5989,0,0.8932,1
18952.05,0.8916,0.8276,9,0.3254,1,0.6779,0
86776.09,0.6524,0.5884,14,0.4507,0,0.9322,1
83196.84,0.6025,0.0089,3,0.2633,0,0.9408,0
56199.47,0.4602,0.8837,2,0.7835,0,0.5125,0
82823.99,0.3457,0.7278,1,0.5393,1,0.853,0
13811.83,0.6985,0.7879,16,0.4961,0,0.7368,1
42475.74,0.981,0.0718,0,0.8499,1,0.3605,0
75090.77,0.4248,0.7086,13,0.5984,0,0.6573,1
29457.94,0.3922,0.8046,12,0.2518,0,0.9527,0
76471.25,0.4281,0.9566,2,0.5776,1,0.764,0
52896.97,0.4255,0.5805,11,0.8655,1,0.7094,0
76275.27,0.9906,0.508,6,0.0212,1,0.2219,1
49144.57,0.7068,0.4254,10,0.5639,1,0.8311,0
39950.91,0.3592,0.7013,2,0.1412,1,0.3897,0
25822.98,0.3715,0.9208,14,0.7348,0,0.6241,0
24796.04,0.4308,0.5998,16,0.5766,0,0.6777,0
76391.63,0.0367,0.2273,0,0.8433,1,0.5152,0
16296.48,0.5278,0.0176,11,0.6026,1,0.1656,0
13168.32,0.8114,0.6191,13,0.0155,1,0.6975,1
21747.68,0.6606,0.8646,0,0.4593,0,0.2472,1
21657.92,0.1984,0.066,15,0.8133,1,0.2654,0
83195.22,0.728,0.3976,11,0.2091,0,0.1268,0
42858.13,0.7195,0.94,6,0.0746,1,0.6199,0
99086.9,0.2625,0.5017,10,0.6479,0,0.1174,0
18035.07,0.6229,0.2207,14,0.4523,0,0.3452,0
67086.28,0.6109,0.3537,13,0.0428,0,0.8895,0
47629.3,0.8398,0.4081,16,0.2519,1,0.4531,0
42327.23,0.1361,0.1173,0,0.2941,1,0.8945,0
88133.0,0.1948,0.6608,16,0.6011,1,0.4927,0
97681.59,0.486,0.5922,0,0.4244,1,0.1788,0
87921.6,0.0441,0.6477,13,0.4385,1,0.7589,0
23268.56,0.4156,0.6108,7,0.7259,0,0.3534,0
25975.8,0.7882,0.0167,1,0.2506,0,0.9664,0
67327.02,0.1487,0.1745,14,0.6053,1,0.2621,0
32462.94,0.4599,0.1656,11,0.3308,1,0.8221,0
74798.89,0.9898,0.098,13,0.3765,0,0.4939,0
58809.96,0.5059,0.7355,7,0.5003,1,0.8421,0
57336.33,0.4983,0.1201,5,0.6261,0,0.183,0
83711.96,0.5588,0.6682,13,0.8507,0,0.6337,0
72500.61,0.186,0.1784,4,0.2421,1,0.1132,0
7524.89,0.1472,0.1183,17,0.0934,0,0.8055,0
9698.62,0.6774,0.1625,14,0.3859,1,0.2357,1
62148.05,0.3958,0.5084,20,0.492,0,0.4276,0
51188.25,0.2899,0.6455,0,0.2052,1,0.656,0
29717.54,0.0314,0.8119,12,0.8014,0,0.4782,0
44772.33,0.8461,0.1286,11,0.719,0,0.7789,0
77001.48,0.0323,0.6162,18,0.4443,1,0.6882,0
83528.09,0.75,0.7738,8,0.4051,1,0.1304,1
58316.19,0.382,0.3124,19,0.0367,1,0.7735,0
41610.1,0.5987,0.0797,5,0.4832,0,0.4235,0
30716.19,0.2477,0.1559,17,0.5362,0,0.5978,0
54582.25,0.1554,0.0916,10,0.8025,0,0.2166,0
34901.21,0.5334,0.8872,19,0.451,1,0.4231,0
58589.04,0.6956,0.3767,4,0.1416,0,0.8172,0
69281.98,0.1955,0.5233,5,0.1621,1,0.9263,0
11277.53,0.4364,0.7687,11,0.1439,0,0.9387,0
5101.41,0.4447,0.3715,11,0.8447,1,0.7001,0
25166.33,0.216,0.6491,3,0.7141,0,0.0789,0
89978.59,0.565,0.0767,13,0.7423,0,0.4426,0
66397.62,0.1459,0.4809,8,0.7564,0,0.1931,0
21336.23,0.5097,0.0965,3,0.0861,0,0.6976,0
89575.08,0.1134,0.2483,10,0.632,1,0.1614,0
49645.81,0.4855,0.2933,14,0.6339,1,0.9776,0
50228.72,0.3116,0.7176,0,0.2023,0,0.1945,1
93876.48,0.4522,0.6741,19,0.4416,0,0.0527,0
10651.24,0.4337,0.7471,12,0.5962,0,0.8435,0
25441.94,0.9079,0.0618,5,0.8076,0,0.2023,0
60648.28,0.4899,0.9939,15,0.0994,1,0.024,0
23571.22,0.8185,0.0544,17,0.803,1,0.5481,0
69555.07,0.2257,0.8257,20,0.8302,1,0.9692,0
25338.77,0.3521,0.7403,16,0.8312,1,0.2675,0
14419.91,0.0751,0.5918,4,0.0044,0,0.4087,0
24663.59,0.4207,0.4389,3,0.1989,0,0.2372,0
45159.73,0.6687,0.7571,4,0.6221,0,0.558,0
21733.14,0.8382,0.7399,18,0.2896,1,0.3228,1
17795.74,0.5659,0.1372,6,0.055,0,0.5914,0
86726.78,0.6401,0.7926,6,0.6866,0,0.478,0
35437.73,0.1773,0.0786,18,0.0257,1,0.9289,0
39272.08,0.0372,0.5005,4,0.4014,0,0.67,1
10250.69,0.7917,0.6451,8,0.8528,0,0.6826,0
38950.11,0.167,0.8217,6,0.3962,1,0.4865,0
30156.68,0.0912,0.4631,6,0.8207,0,0.3031,0
62996.08,0.9376,0.2369,12,0.3681,0,0.314,0
24512.08,0.9635,0.4907,15,0.312,1,0.504,1
89394.72,0.6163,0.2502,5,0.0966,0,0.1919,0
93318.33,0.3786,0.5287,0,0.3223,1,0.1324,0
14483.95,0.8332,0.4625,13,0.3033,1,0.3724,1
15203.28,0.2047,0.7805,11,0.7619,0,0.1305,0
15956.01,0.4294,0.2401,13,0.8279,1,0.2308,0
63859.08,0.357,0.2,9,0.0197,0,0.535,0
16587.05,0.9127,0.4742,16,0.0884,1,0.7901,1
85976.32,0.9198,0.0505,13,0.5789,0,0.2248,0
76655.79,0.6509,0.2293,15,0.4363,1,0.7917,0
82881.84,0.1107,0.3537,15,0.2672,0,0.0155,0
54975.75,0.4822,0.4876,10,0.2339,1,0.997,0
99684.34,0.2453,0.2694,6,0.2022,0,0.5169,0
9196.63,0.8849,0.5606,12,0.4729,1,0.4759,1
43120.17,0.1384,0.8784,13,0.0157,1,0.6506,0
35773.98,0.0543,0.5437,12,0.665,1,0.4752,0
95121.32,0.7044,0.2868,11,0.2703,1,0.408,0
59801.79,0.4533,0.062,7,0.3841,1,0.371,0
81588.14,0.8384,0.1367,2,0.4743,1,0.9778,0
21182.41,0.0746,0.5612,8,0.1902,0,0.8615,0
97970.24,0.8011,0.6837,18,0.7953,1,0.5024,0
52370.76,0.0373,0.0497,15,0.6139,1,0.8365,0
51898.85,0.0281,0.1855,15,0.7833,1,0.1491,0
97234.05,0.4613,0.3191,15,0.4279,0,0.5294,0
41169.57,0.2213,0.3198,19,0.3892,0,0.4502,0
42764.88,0.5937,0.9584,4,0.2134,0,0.3249,1
60551.51,0.0258,0.2038,15,0.4904,1,0.9184,0
17165.0,0.0354,0.0625,1,0.5338,0,0.8325,0
35503.13,0.7271,0.353,5,0.3779,0,0.9071,0
23354.79,0.2102,0.1344,0,0.1308,0,0.6352,0
14811.93,0.6564,0.1266,9,0.2458,0,0.3762,0
87283.74,0.7499,0.4075,2,0.0128,1,0.7568,0
60986.46,0.0593,0.3064,8,0.2872,0,0.1086,1
39073.92,0.7698,0.0917,2,0.5227,0,0.8531,0
43823.59,0.2684,0.6043,0,0.8601,1,0.0288,0
45994.31,0.3895,0.5017,10,0.1601,1,0.8182,0
65149.17,0.0866,0.0771,8,0.0499,1,0.7039,0
93043.09,0.8386,0.8627,8,0.2667,0,0.0885,1
93614.06,0.5607,0.2847,7,0.1411,0,0.147,0
42191.74,0.5047,0.9614,8,0.626,1,0.4524,0
36279.93,0.9686,0.9315,0,0.0052,0,0.2999,1
47849.42,0.3345,0.4341,10,0.8828,1,0.8673,0
58953.75,0.8908,0.2286,17,0.7701,1,0.1928,0
48872.7,0.7197,0.8349,2,0.4416,0,0.4171,1
67581.57,0.9285,0.3613,3,0.8288,0,0.2605,0
57667.91,0.9078,0.1636,16,0.5653,0,0.1272,0
35467.98,0.991,0.5516,10,0.8944,0,0.2597,0
37844.43,0.1317,0.4894,5,0.2505,0,0.86,0
40966.31,0.796,0.85,16,0.8972,1,0.7155,1
13990.78,0.8045,0.7293,6,0.1622,1,0.9142,1
20775.95,0.6444,0.8761,12,0.3181,1,0.4053,1
73695.81,0.2789,0.7347,11,0.8418,1,0.2404,0
41964.19,0.9651,0.6422,3,0.3335,0,0.0263,1
25381.2,0.2044,0.5002,15,0.1889,1,0.4952,1
58453.88,0.4996,0.9876,12,0.0535,0,0.0397,0
76776.26,0.5215,0.9592,4,0.1341,1,0.0043,0
29455.12,0.1618,0.8489,15,0.3197,1,0.6047,0
83545.04,0.7225,0.7753,13,0.3791,1,0.1648,1
93112.96,0.0889,0.5776,17,0.4882,0,0.5598,0
61752.48,0.6931,0.2598,17,0.7322,0,0.5735,0
68550.03,0.8486,0.8754,6,0.0121,1,0.7238,1
9994.72,0.3494,0.0108,19,0.757,1,0.3831,0
94824.39,0.7094,0.2274,0,0.5195,1,0.7052,0
42286.05,0.1568,0.4037,7,0.6808,0,0.366,0
92770.54,0.8459,0.5862,12,0.6813,1,0.0978,0
60002.86,0.952,0.5609,11,0.8129,1,0.31,0
5438.79,0.1527,0.1758,4,0.084,0,0.0076,0
8661.49,0.6919,0.1048,4,0.5144,1,0.4625,0
69639.79,0.5058,0.2223,16,0.8181,0,0.7403,0
58453.46,0.5315,0.3487,18,0.6473,1,0.7847,0
7520.58,0.7065,0.0141,14,0.0869,0,0.2321,0
75628.7,0.4887,0.6925,11,0.5526,0,0.1056,0
85953.81,0.6003,0.2477,16,0.7199,0,0.1854,0
52159.66,0.2309,0.3514,5,0.2474,1,0.9837,0
49246.96,0.3785,0.3349,20,0.5692,0,0.3121,0
5519.95,0.8652,0.5118,2,0.7564,0,0.4293,0
79731.72,0.1099,0.8598,12,0.4715,0,0.0756,0
36418.03,0.5976,0.1494,7,0.1748,1,0.7893,0
88482.54,0.1843,0.3407,18,0.4947,0,0.4485,0
40440.76,0.8465,0.692,5,0.5292,0,0.0874,0
58682.4,0.579,0.0442,13,0.3626,1,0.4729,0
30682.47,0.403,0.83,3,0.6117,0,0.7133,0
20255.89,0.2498,0.9618,3,0.39,0,0.473,0
78616.25,0.4368,0.6076,8,0.7897,1,0.9686,0
52176.1,0.9576,0.9565,16,0.7125,0,0.8717,0
55966.35,0.5092,0.4131,5,0.7243,0,0.5148,0
96714.52,0.4695,0.415,14,0.4735,0,0.9405,0
96540.09,0.7463,0.1062,11,0.1767,0,0.8114,0
86286.0,0.379,0.0354,20,0.652,1,0.3683,0
22822.88,0.4274,0.2445,6,0.062,1,0.7714,0
61455.91,0.3369,0.4781,5,0.4658,0,0.5059,1
88424.01,0.1509,0.5077,18,0.0477,1,0.5391,0
40574.07,0.7138,0.2176,6,0.4756,1,0.5206,0
14605.09,0.873,0.6128,4,0.6173,0,0.8037,0
82041.48,0.9056,0.1812,17,0.3773,0,0.9186,0
50767.54,0.8808,0.3262,17,0.3752,1,0.3195,0
58617.3,0.4518,0.1957,1,0.1105,1,0.6419,0
98303.71,0.2841,0.6967,17,0.2717,0,0.6284,1
62685.09,0.6379,0.5166,13,0.3998,1,0.8875,1
45373.04,0.9547,0.7361,5,0.7772,1,0.4472,0
40148.51,0.7271,0.0572,11,0.8082,1,0.1902,0
44673.83,0.4948,0.4254,5,0.8582,0,0.2031,0
16247.91,0.6888,0.967,3,0.0902,1,0.0513,0
80501.3,0.7725,0.0536,2,0.2666,0,0.1007,0
84583.1,0.9193,0.4184,3,0.4166,1,0.3012,0
32017.73,0.7632,0.0404,12,0.5776,0,0.1026,0
33860.68,0.4332,0.1467,17,0.6325,0,0.8711,0
88061.75,0.2736,0.4625,10,0.7074,0,0.362,0
7277.18,0.4999,0.1575,0,0.4463,0,0.3685,0
54443.46,0.3282,0.5188,9,0.5009,0,0.7575,0
49049.19,0.9428,0.9227,15,0.8645,1,0.3013,0
70562.04,0.508,0.2004,17,0.216,0,0.7152,0
20522.21,0.4721,0.1072,15,0.7234,1,0.8224,0
68491.42,0.3482,0.8253,7,0.6406,0,0.3602,1
40789.73,0.6394,0.4603,13,0.1261,1,0.4778,1
63777.9,0.5201,0.8826,1,0.8338,0,0.3222,0
8809.03,0.129,0.3061,8,0.7698,0,0.4232,0
48864.08,0.8692,0.6275,11,0.7016,0,0.5807,0
54613.83,0.359,0.9233,0,0.1141,0,0.3496,0
25361.01,0.4326,0.1717,0,0.1257,0,0.4641,0
18264.25,0.2057,0.8007,16,0.6149,1,0.4962,0
22905.06,0.5534,0.6315,4,0.0965,1,0.0245,1
37693.4,0.7021,0.8129,2,0.102,1,0.1636,1
14196.96,0.8812,0.1707,12,0.3603,0,0.5414,0
94995.38,0.0516,0.4341,5,0.0048,0,0.0027,0
43474.44,0.9733,0.1288,20,0.6493,0,0.7042,0
81852.11,0.7038,0.9601,19,0.4862,0,0.9055,1
97569.63,0.2843,0.0627,17,0.0704,1,0.7546,0
12669.85,0.2045,0.0655,6,0.4892,1,0.3142,0
66908.6,0.2961,0.8982,18,0.0487,1,0.4498,0
87783.86,0.8757,0.3008,5,0.0636,1,0.6507,0
65252.27,0.2914,0.597,5,0.4369,0,0.6804,0
45757.48,0.4628,0.2875,20,0.4498,1,0.9775,0
45952.25,0.7057,0.6488,14,0.3051,1,0.493,1
8410.39,0.872,0.1925,1,0.5596,0,0.2495,0
55787.07,0.6586,0.4589,18,0.3486,1,0.3622,1
99386.58,0.7531,0.5335,3,0.5283,0,0.9224,0
96077.21,0.1733,0.3336,14,0.3148,0,0.6327,0
8837.93,0.8774,0.2517,9,0.6435,0,0.8643,0
72050.72,0.2757,0.1402,0,0.5214,1,0.7241,0
33667.66,0.1284,0.7061,16,0.144,0,0.9654,0
90783.97,0.9762,0.1683,14,0.6176,1,0.5012,0
9285.9,0.2016,0.2921,18,0.7055,0,0.9499,0
93908.04,0.1367,0.3369,12,0.0593,0,0.8859,0
84560.2,0.626,0.4544,15,0.549,0,0.8431,0
16162.92,0.3189,0.7026,19,0.7114,1,0.9391,0
10683.31,0.1333,0.4279,20,0.1032,0,0.5255,0
84297.23,0.6011,0.8711,11,0.8115,0,0.7428,0
19796.98,0.759,0.6798,0,0.3733,0,0.5553,1
55815.32,0.7932,0.8385,7,0.6641,1,0.7763,0
91995.76,0.1555,0.7164,13,0.8091,1,0.7638,0
58907.57,0.5569,0.1486,2,0.8907,1,0.7584,0
42737.16,0.8137,0.9779,2,0.5255,0,0.4284,0
47276.53,0.1611,0.7866,8,0.6338,1,0.7963,0
10996.13,0.2077,0.5727,19,0.2265,0,0.8765,1
97031.47,0.0024,0.1652,6,0.261,1,0.6363,0
34512.15,0.5246,0.1727,19,0.7657,1,0.4547,0
22989.53,0.1947,0.6143,16,0.3584,0,0.8532,0
32174.49,0.7242,0.4162,6,0.7402,0,0.7785,0
96615.45,0.9622,0.6759,4,0.0455,1,0.4696,1
13957.18,0.2088,0.3724,17,0.1964,1,0.5799,0
87393.79,0.6491,0.5128,15,0.1531,1,0.6858,1
72245.17,0.2118,0.188,13,0.4744,1,0.6883,0
83851.82,0.018,0.1552,20,0.0725,0,0.311,0
97710.27,0.7586,0.0756,2,0.3095,1,0.2927,0
85004.69,0.434,0.8196,8,0.8876,0,0.8873,0
94621.32,0.9468,0.5554,12,0.7148,0,0.937,0
17058.85,0.5343,0.9471,1,0.6845,0,0.4021,0
80599.91,0.1575,0.7495,20,0.1216,1,0.9134,1
56839.19,0.4498,0.7688,12,0.3281,0,0.4707,0
56632.08,0.2029,0.5091,6,0.6125,1,0.1672,0
90397.55,0.878,0.8155,5,0.0195,1,0.7329,1
97321.36,0.6909,0.9421,0,0.3906,1,0.0459,1
71959.64,0.3412,0.7217,12,0.8357,0,0.1139,0
50879.15,0.5278,0.1056,20,0.0741,0,0.941,0
48358.37,0.6695,0.651,0,0.8156,0,0.5176,0
41702.44,0.7829,0.1204,8,0.1751,1,0.2664,0
39351.91,0.0801,0.0772,13,0.1702,1,0.4804,0
42193.15,0.0225,0.6929,9,0.1759,1,0.5782,0
13526.56,0.1145,0.8348,13,0.8381,0,0.6389,0
12356.43,0.395,0.1588,14,0.5434,0,0.3482,0
79087.64,0.4667,0.0741,20,0.6757,0,0.3874,0
47376.92,0.1365,0.8865,12,0.3298,0,0.5498,0
93415.03,0.4112,0.1322,14,0.7859,0,0.6267,0
63161.0,0.4416,0.0351,6,0.5237,1,0.9214,0
8341.72,0.1091,0.7211,3,0.5399,0,0.3923,0
19964.72,0.9167,0.8477,2,0.6771,0,0.8747,1
24552.88,0.5991,0.5145,2,0.6963,0,0.9932,0
97694.92,0.3885,0.5399,17,0.6137,1,0.339,0
25776.9,0.5069,0.3369,0,0.107,0,0.0273,0
53996.79,0.3142,0.2385,10,0.7801,1,0.6044,0
93936.81,0.8543,0.7552,12,0.2348,1,0.9036,1
97833.31,0.575,0.8493,14,0.8966,0,0.0534,0
27454.24,0.4949,0.3212,1,0.347,1,0.1971,0
9666.18,0.9109,0.2738,18,0.108,0,0.6762,0
19592.17,0.838,0.2678,9,0.2845,1,0.8097,0
11016.21,0.8128,0.0506,0,0.5162,1,0.0866,0
23536.8,0.2256,0.2811,2,0.3523,0,0.3637,1
59014.12,0.1531,0.0257,18,0.7458,0,0.2387,0
91682.64,0.6901,0.7884,19,0.614,0,0.9649,0
56035.79,0.4686,0.2559,15,0.1921,1,0.6825,0
64469.01,0.6837,0.6902,7,0.485,1,0.4756,1
24177.39,0.7606,0.5432,19,0.7088,0,0.8624,0
81055.44,0.2953,0.8375,5,0.8021,0,0.5377,0
63689.95,0.2847,0.9604,4,0.3554,0,0.9113,0
87093.0,0.4908,0.3673,16,0.832,1,0.2388,0
95140.1,0.2735,0.0883,6,0.0324,0,0.0273,0
38050.57,0.6673,0.7496,10,0.609,1,0.4287,0
13605.01,0.7467,0.0213,13,0.7038,0,0.2043,0
26463.25,0.472,0.223,3,0.3826,1,0.8357,0
46594.95,0.7238,0.0533,19,0.0099,1,0.5329,0
94840.9,0.5104,0.8981,3,0.6183,1,0.2887,1
40939.43,0.7129,0.0053,20,0.3083,0,0.7736,0
78223.46,0.225,0.4927,5,0.1366,0,0.5269,0
56345.29,0.7388,0.424,8,0.1414,0,0.5028,1
22366.83,0.7151,0.6527,5,0.6922,1,0.1808,0
35469.74,0.2666,0.2897,11,0.1687,1,0.9952,0
67053.23,0.556,0.8737,0,0.4357,1,0.659,1
68921.07,0.8553,0.7343,3,0.8734,1,0.8548,0
46302.18,0.2495,0.4323,10,0.6829,0,0.7597,0
26721.33,0.736,0.358,14,0.4925,0,0.5029,0
73581.14,0.954,0.8159,20,0.4754,1,0.0097,1
21042.94,0.8662,0.7571,17,0.1506,1,0.6667,1
93983.62,0.4015,0.399,19,0.4018,0,0.1007,0
22850.84,0.6072,0.3414,16,0.1304,0,0.9615,0
15194.67,0.9918,0.0389,16,0.0752,0,0.2493,1
52276.53,0.5684,0.0817,7,0.0982,1,0.3673,0
54357.21,0.115,0.0539,19,0.546,0,0.5516,1
53278.33,0.0454,0.0244,20,0.1742,1,0.5026,0
46483.41,0.7903,0.1529,10,0.1344,1,0.6551,0
99507.41,0.4236,0.8571,2,0.7804,1,0.7834,0
51196.66,0.2468,0.7982,0,0.1098,0,0.7576,0
50404.93,0.3477,0.8456,10,0.6351,1,0.9081,0
45067.78,0.7574,0.6238,13,0.3753,0,0.4699,1
11348.45,0.4652,0.6241,11,0.5212,1,0.5342,0
61330.88,0.8685,0.1239,18,0.021,1,0.8741,0
26656.94,0.7349,0.699,11,0.0,0,0.2823,1
65572.85,0.974,0.28,13,0.7355,0,0.2459,0
9829.18,0.8885,0.5193,15,0.4279,1,0.0091,1
98231.77,0.2545,0.9547,18,0.0642,0,0.7385,0
49555.48,0.6591,0.8706,12,0.3091,1,0.6876,1
90191.76,0.0205,0.2332,11,0.4557,0,0.2767,0
50178.31,0.9911,0.7367,1,0.1219,0,0.1299,1
10731.43,0.261,0.1041,13,0.4917,1,0.0425,0
83110.29,0.6648,0.0267,3,0.4759,1,0.4879,0
66577.45,0.8492,0.0282,7,0.5426,0,0.1935,0
79266.92,0.1605,0.1702,11,0.7292,1,0.7934,0
45676.14,0.8479,0.6949,1,0.3715,0,0.95,1
65603.99,0.0122,0.3633,14,0.7997,1,0.7769,0
86341.76,0.442,0.0159,5,0.4272,0,0.8516,0
64951.22,0.472,0.988,10,0.4114,0,0.9908,0
38029.0,0.3741,0.5334,7,0.5901,1,0.7408,0
67940.31,0.5864,0.3939,7,0.5558,1,0.5673,0
68826.15,0.9148,0.5188,8,0.0103,0,0.81,1
96255.76,0.327,0.52,1,0.8842,0,0.5639,0
40236.67,0.5793,0.4702,4,0.8484,1,0.4325,0
45382.77,0.8775,0.6129,16,0.2532,1,0.0325,1
82151.68,0.773,0.8856,2,0.5027,1,0.643,0
53047.42,0.0407,0.3017,10,0.6934,0,0.8975,0
74974.44,0.9428,0.487,2,0.8284,1,0.6932,0
48672.4,0.0466,0.0036,11,0.5273,1,0.4041,0
25472.04,0.5888,0.8598,13,0.017,1,0.6169,1
75794.37,0.5754,0.3059,9,0.6126,0,0.813,0
17459.74,0.7864,0.2713,16,0.0838,1,0.7642,0
23865.45,0.1484,0.9975,5,0.6041,1,0.4912,0
64548.37,0.1794,0.5844,11,0.5287,0,0.3617,0
75990.63,0.7521,0.123,5,0.5766,0,0.3969,0
89995.35,0.1495,0.2655,10,0.1703,0,0.9079,0
30895.72,0.4694,0.3532,1,0.4442,1,0.1699,0
15518.8,0.7316,0.9861,5,0.5562,0,0.863,0
95824.43,0.6512,0.4306,14,0.2703,1,0.1953,0
19670.19,0.2106,0.2301,16,0.1635,1,0.9809,0
23778.36,0.304,0.5697,5,0.2004,0,0.4483,0
32676.3,0.969,0.4048,5,0.7722,0,0.7334,0
55292.18,0.4487,0.055,6,0.4181,1,0.7294,0
88868.43,0.0445,0.8609,5,0.595,0,0.7725,0
77251.87,0.2196,0.0157,20,0.4634,1,0.7894,0
72274.97,0.3424,0.8985,13,0.7507,0,0.0391,0
21642.15,0.9995,0.7919,8,0.4576,0,0.2733,1
38979.85,0.3027,0.0758,9,0.084,1,0.2297,0
50448.47,0.0264,0.7236,10,0.1782,0,0.6986,0
19005.47,0.5129,0.7709,11,0.0119,1,0.6833,0
30975.82,0.0836,0.6023,8,0.7484,0,0.297,0
34291.65,0.2741,0.5777,20,0.5969,1,0.7935,0
17091.24,0.9924,0.0497,6,0.6833,0,0.3116,0
57272.77,0.7046,0.0595,8,0.6435,0,0.3429,0
71977.68,0.0507,0.7273,0,0.742,1,0.3989,0
11643.5,0.4487,0.1056,10,0.8883,0,0.7446,1
50706.69,0.1716,0.2418,17,0.5881,1,0.0118,0
79310.06,0.1229,0.4988,20,0.227,1,0.9065,0
76059.06,0.5871,0.1642,9,0.0913,0,0.6921,0
82431.94,0.5057,0.7898,2,0.5308,1,0.5866,0
47582.86,0.7429,0.8074,15,0.6937,1,0.2373,1
82952.92,0.8923,0.8421,13,0.5054,1,0.7855,0
27871.54,0.2467,0.0496,20,0.2732,0,0.8728,0
39277.0,0.923,0.4279,10,0.6478,1,0.5015,0
21753.78,0.518,0.8469,0,0.4032,1,0.2925,0
49411.03,0.2588,0.3632,18,0.2579,1,0.3806,1
42245.7,0.8458,0.6958,14,0.757,1,0.4163,0
27888.08,0.0355,0.5892,16,0.5189,0,0.3059,0
76419.17,0.5595,0.3472,2,0.2551,1,0.7122,0
34815.44,0.7216,0.2764,9,0.2957,1,0.3422,0
30916.41,0.28,0.6527,9,0.5145,1,0.8212,0
17434.58,0.8635,0.1336,5,0.3806,0,0.4637,0
46688.06,0.2403,0.8601,17,0.1445,0,0.629,0
33781.64,0.8399,0.5764,3,0.5494,0,0.948,0
40080.92,0.0785,0.1115,1,0.6202,1,0.4461,0
27419.74,0.1599,0.7035,4,0.0001,0,0.1703,0
77499.77,0.381,0.4311,20,0.4832,1,0.5499,0
93350.32,0.8541,0.2041,2,0.5194,0,0.4967,0
52303.53,0.1446,0.9611,12,0.2989,1,0.7826,0
66084.85,0.8754,0.7196,3,0.3049,0,0.8602,1
87381.37,0.2297,0.593,8,0.2859,0,0.7126,0
99888.82,0.4525,0.8489,11,0.4008,0,0.9715,0
63284.07,0.3527,0.5439,0,0.7307,1,0.2692,0
89529.05,0.1181,0.4415,5,0.4221,1,0.2392,0
91317.78,0.9443,0.1894,12,0.8943,0,0.2913,0
80187.89,0.4382,0.1534,0,0.3385,1,0.6709,0
48788.48,0.6903,0.432,10,0.6293,1,0.2325,0
12709.63,0.5753,0.456,12,0.4941,0,0.0884,0
6501.53,0.5017,0.7333,4,0.6861,1,0.9777,0
50334.06,0.6166,0.4421,3,0.7995,0,0.3146,0
51959.88,0.8983,0.5932,10,0.4605,0,0.2224,1
43699.43,0.6993,0.8325,15,0.445,0,0.3587,1
58975.9,0.5325,0.9933,0,0.8484,0,0.1584,0
57455.46,0.6452,0.3225,7,0.8403,0,0.0358,0
84478.24,0.6064,0.902,20,0.8973,0,0.3054,0
15322.42,0.4331,0.8061,7,0.1408,0,0.3379,1
26391.88,0.6248,0.068,6,0.0032,0,0.811,0
80335.47,0.4436,0.3342,15,0.3936,1,0.4356,0
85544.5,0.7576,0.219,10,0.66,0,0.7368,1
99508.3,0.9689,0.6644,8,0.0656,1,0.7357,1
87926.64,0.9599,0.5553,16,0.3362,0,0.789,1
89540.41,0.8207,0.4949,0,0.5233,1,0.9185,1
34863.05,0.6018,0.7636,14,0.1913,0,0.4986,1
43157.86,0.7493,0.3333,7,0.658,0,0.104,0
30468.08,0.178,0.3828,18,0.2066,1,0.0387,0
62598.44,0.479,0.8656,15,0.7566,1,0.1869,0
94186.51,0.2573,0.9722,19,0.3134,1,0.8292,0
37740.88,0.0035,0.7764,2,0.5388,0,0.5743,0
57915.17,0.9667,0.2171,3,0.4897,0,0.1401,0
33148.46,0.8638,0.1127,18,0.2668,0,0.1326,0
21131.0,0.5137,0.2092,8,0.3952,0,0.8915,0
23542.63,0.2542,0.4228,17,0.7614,0,0.52,0
10504.81,0.693,0.2367,14,0.4935,1,0.1719,0
95182.88,0.4348,0.901,10,0.05,0,0.8967,0
43273.56,0.8033,0.6707,0,0.6417,0,0.7207,0
84241.48,0.9995,0.4167,1,0.1642,0,0.4778,0
69726.3,0.3491,0.2738,15,0.4375,0,0.4651,0
23232.51,0.2444,0.3807,2,0.4217,0,0.6727,0
21668.91,0.2674,0.4761,0,0.4378,0,0.3383,0
82138.88,0.0933,0.7138,4,0.0279,0,0.9999,1
30147.61,0.394,0.0893,19,0.2451,1,0.7846,0
91762.09,0.0174,0.8488,13,0.0457,1,0.641,0
18305.26,0.1144,0.1276,15,0.3735,0,0.6875,1
69382.32,0.2717,0.2625,13,0.5592,1,0.9961,0
82375.02,0.1599,0.9936,11,0.5887,1,0.0108,0
27349.36,0.7322,0.1902,5,0.0581,0,0.0228,0
31239.7,0.1056,0.1011,9,0.107,0,0.785,0
96629.29,0.866,0.6384,11,0.5954,1,0.2094,1
30136.77,0.2211,0.3931,20,0.4781,0,0.6852,0
45845.92,0.1086,0.0918,18,0.7501,1,0.5033,0
46088.98,0.0101,0.0037,15,0.1846,0,0.3187,0
29038.3,0.7152,0.0792,17,0.1083,1,0.2313,0
78700.15,0.2566,0.5227,16,0.3258,1,0.7767,0
78325.69,0.5095,0.2309,14,0.5734,0,0.171,0
40940.21,0.1116,0.7776,17,0.4374,1,0.1587,0
84336.95,0.9853,0.8575,1,0.0887,0,0.4419,1
25242.12,0.1254,0.1448,0,0.0642,1,0.1193,0
5409.05,0.4119,0.337,9,0.6099,1,0.6415,1
59260.9,0.8516,0.1466,1,0.2673,1,0.992,0
99437.39,0.2449,0.2867,7,0.6025,0,0.7479,0
8671.21,0.267,0.2392,4,0.2654,1,0.6032,0
24759.82,0.8085,0.7869,20,0.2833,1,0.3946,0
54296.89,0.2733,0.3455,13,0.1888,0,0.988,1
81944.37,0.0029,0.4956,0,0.8853,0,0.8799,0
13458.99,0.4279,0.6739,13,0.0145,1,0.8206,0
42547.29,0.0125,0.8223,15,0.1145,0,0.23,0
75972.2,0.9098,0.3012,6,0.7527,0,0.1236,0
40296.6,0.6418,0.2092,18,0.1243,1,0.1779,0
22939.46,0.583,0.9785,20,0.2526,1,0.2587,1
23572.1,0.2016,0.3201,20,0.2365,0,0.0817,1
43954.63,0.6999,0.6711,1,0.6273,1,0.8884,0
50544.62,0.6773,0.6778,9,0.3701,1,0.1852,1
86872.37,0.0605,0.514,16,0.7565,0,0.2266,1
66013.98,0.8808,0.2284,9,0.6727,1,0.8882,1
70588.19,0.5794,0.1415,10,0.478,0,0.9581,0
98383.78,0.7925,0.487,6,0.2242,0,0.2218,1
44125.13,0.2629,0.5109,8,0.7132,1,0.2942,0
43318.67,0.122,0.7734,14,0.7794,0,0.8001,0
92717.96,0.7024,0.7098,0,0.7527,0,0.9703,0
28358.18,0.7939,0.912,16,0.0465,0,0.6497,1
74332.45,0.386,0.9709,15,0.6282,0,0.4426,0
76684.45,0.0237,0.7279,2,0.6335,0,0.6746,0
14289.86,0.8183,0.0765,16,0.8488,1,0.7803,0
49481.98,0.2061,0.4051,10,0.2371,1,0.1127,0
24053.43,0.339,0.6088,6,0.7077,0,0.4353,1
22610.65,0.6282,0.5902,9,0.6202,0,0.8573,0
49063.67,0.1,0.1814,10,0.7909,0,0.7054,0
32495.82,0.072,0.5829,4,0.624,0,0.1538,0
80625.74,0.0257,0.3497,12,0.7672,1,0.7552,0
91222.46,0.9166,0.3389,13,0.3236,0,0.6674,0
81258.46,0.3114,0.834,7,0.1419,0,0.2646,0
30272.93,0.6607,0.4219,9,0.327,1,0.344,0
31042.77,0.9892,0.5274,12,0.7335,0,0.3144,0
29199.19,0.6695,0.5629,10,0.1185,1,0.9932,1
17828.62,0.5251,0.563,9,0.5742,1,0.1837,1
94660.84,0.5209,0.2131,20,0.8888,0,0.8294,0
43194.54,0.3769,0.5995,18,0.8055,0,0.5306,1
26345.5,0.5998,0.3346,7,0.6041,0,0.8805,1
85433.75,0.9588,0.655,15,0.7134,0,0.9819,0
42923.55,0.788,0.1457,17,0.1048,1,0.9611,1
8336.1,0.4242,0.9941,2,0.449,1,0.8543,1
20384.45,0.3324,0.772,12,0.4787,1,0.4136,1
65728.78,0.8835,0.4173,16,0.7044,0,0.2713,0
79376.0,0.1358,0.3014,1,0.2543,1,0.3195,1
25038.77,0.8496,0.3878,7,0.0958,1,0.6531,0
92152.58,0.2551,0.7212,16,0.6283,0,0.3419,0
85844.73,0.7156,0.6554,19,0.4433,1,0.4349,1
85596.17,0.8062,0.7021,20,0.7581,1,0.0797,0
26627.81,0.477,0.889,12,0.4333,1,0.771,0
9800.92,0.1923,0.4563,0,0.7616,0,0.1115,0
87405.24,0.8448,0.6695,0,0.4571,0,0.337,1
34051.02,0.3675,0.4415,17,0.7044,0,0.5904,0
63797.06,0.3207,0.6381,15,0.6487,0,0.5312,0
77196.85,0.51,0.4748,4,0.2395,1,0.8931,0
17187.86,0.4351,0.7767,2,0.2785,1,0.6587,0
79179.64,0.6831,0.0053,3,0.8093,0,0.789,0
94158.59,0.1372,0.2157,18,0.2079,0,0.3034,0
74195.62,0.4357,0.2964,16,0.6278,0,0.1323,1
46916.16,0.8917,0.9454,19,0.1306,1,0.7433,1
88284.42,0.0361,0.507,2,0.6796,1,0.1536,0
55108.47,0.4573,0.3644,14,0.201,1,0.8342,0
75753.24,0.6605,0.4043,19,0.5347,1,0.943,0
82948.06,0.8877,0.4518,11,0.5078,1,0.2829,0
76188.52,0.5938,0.8678,16,0.1832,1,0.761,1
32346.21,0.8245,0.9623,12,0.4423,0,0.4373,1
16195.17,0.2227,0.8442,0,0.7913,0,0.299,0
27642.16,0.3528,0.8417,9,0.6125,1,0.4311,0
52773.12,0.9421,0.199,5,0.8934,0,0.6468,0
53001.31,0.886,0.2687,1,0.7061,1,0.9881,0
60351.21,0.558,0.596,12,0.5791,0,0.3,0
42534.67,0.4755,0.6561,19,0.5069,0,0.7059,0
79754.68,0.4511,0.2027,1,0.8437,1,0.3349,0
91749.61,0.0588,0.7463,6,0.4743,1,0.2514,0
28438.88,0.8924,0.2,14,0.3624,0,0.6318,0
74969.71,0.8181,0.263,6,0.751,0,0.7613,0
69407.33,0.4563,0.3068,2,0.8462,0,0.7174,0
54693.6,0.2794,0.846,4,0.431,1,0.9426,0
22910.37,0.3429,0.7321,0,0.1235,0,0.1074,0
80547.06,0.1232,0.5307,20,0.5475,0,0.5407,0
96259.5,0.7218,0.8197,10,0.6668,1,0.2908,0
73574.45,0.5567,0.8129,19,0.3363,0,0.817,1
92196.7,0.2341,0.3898,14,0.6731,0,0.062,0
98497.6,0.623,0.7814,7,0.4779,1,0.1758,1
38444.81,0.9792,0.2062,19,0.2712,0,0.772,0
65631.24,0.1224,0.5032,5,0.5666,0,0.3546,1
50023.61,0.4585,0.1182,3,0.3501,0,0.6818,0
98729.73,0.4942,0.4268,16,0.7081,0,0.9985,0
13911.74,0.1668,0.5204,11,0.0028,0,0.4598,0
44175.62,0.5316,0.0799,8,0.7364,0,0.533,0
88176.21,0.606,0.4626,12,0.2759,0,0.9753,0
31984.87,0.1573,0.6517,20,0.8637,1,0.7464,0
79840.32,0.1547,0.6141,5,0.6832,0,0.1968,0
41364.4,0.8563,0.0544,18,0.2169,0,0.8043,0
98097.96,0.3114,0.0953,19,0.8809,1,0.5159,0
88935.33,0.6303,0.3514,15,0.4496,1,0.7874,0
33625.43,0.6268,0.8427,3,0.4706,1,0.5986,1
78168.35,0.8392,0.8698,1,0.8186,1,0.2273,1
37001.37,0.7399,0.3096,2,0.8266,0,0.8144,0
62604.47,0.8406,0.7189,14,0.6272,1,0.002,0
67555.67,0.6252,0.5774,8,0.8806,0,0.888,0
83811.56,0.4495,0.9834,20,0.296,0,0.8186,0
7322.83,0.3936,0.0946,0,0.2091,0,0.9701,1
25915.0,0.379,0.5479,7,0.0263,0,0.0355,0
72632.19,0.4184,0.5925,5,0.3117,1,0.4376,0
58534.71,0.1293,0.3077,18,0.5424,1,0.1691,0
52082.48,0.424,0.047,2,0.2748,0,0.374,0
10244.95,0.3894,0.0521,8,0.5217,1,0.3598,0
38086.21,0.0346,0.4536,18,0.0435,0,0.5976,0
87184.52,0.2751,0.6925,20,0.3187,1,0.4374,0
7934.82,0.7519,0.7002,19,0.6732,1,0.9656,1
42661.44,0.5779,0.181,13,0.0939,1,0.2778,0
94789.09,0.8062,0.858,3,0.6434,1,0.4188,0
9833.67,0.5427,0.3772,2,0.687,1,0.7007,0
76222.05,0.8541,0.9644,8,0.5119,1,0.2765,1
29473.2,0.7961,0.1182,10,0.7975,1,0.7238,0
87327.84,0.0983,0.8365,10,0.8591,1,0.7087,1
75876.46,0.977,0.9083,1,0.0312,0,0.7122,1
89141.99,0.0147,0.8227,14,0.6112,0,0.6751,0
25512.86,0.5968,0.8088,8,0.2135,1,0.8175,1
55472.81,0.7925,0.3613,2,0.3674,0,0.9949,0
79030.64,0.3319,0.7133,19,0.5608,0,0.0553,0
28341.48,0.5986,0.5793,7,0.641,0,0.4971,0
26920.9,0.3621,0.4245,4,0.7562,0,0.8131,0
7582.3,0.0606,0.9931,10,0.6348,0,0.0,0
96058.95,0.0085,0.2905,19,0.6997,0,0.5452,0
72451.6,0.0949,0.4131,17,0.5392,0,0.6598,0
65378.23,0.0984,0.9029,2,0.1054,0,0.1917,0
75679.5,0.6109,0.289,14,0.0193,0,0.4008,0
55503.23,0.5259,0.1527,13,0.4768,0,0.7895,0
50232.71,0.4555,0.31,18,0.644,0,0.0667,0
47705.56,0.6919,0.7593,20,0.098,1,0.1349,1
65841.73,0.0168,0.8599,15,0.3864,0,0.8181,0
24145.82,0.271,0.1144,13,0.2306,1,0.8092,0
89365.58,0.7774,0.6217,7,0.5104,0,0.5904,0
82116.48,0.91,0.5673,18,0.3515,1,0.4162,1
38208.54,0.4383,0.6688,19,0.1813,1,0.1057,0
59967.88,0.0815,0.6711,20,0.004,0,0.8114,0
18397.59,0.7987,0.9595,20,0.2894,0,0.2417,1
97372.89,0.8852,0.3465,13,0.4645,0,0.9132,0
90774.81,0.4137,0.2998,20,0.8363,1,0.7758,0
92580.26,0.2434,0.5812,16,0.2047,1,0.0809,0
36555.49,0.044,0.4294,5,0.461,0,0.6355,0
21067.8,0.5911,0.4738,0,0.5098,1,0.9206,1
25118.36,0.9099,0.0693,20,0.5843,0,0.8792,0
13550.13,0.6779,0.1482,8,0.2957,1,0.6134,0
16410.51,0.3172,0.9354,18,0.0895,1,0.172,0
11773.93,0.6429,0.0683,6,0.8292,0,0.6802,0
99033.19,0.8321,0.5901,7,0.8575,1,0.6661,0
12035.48,0.4758,0.7546,17,0.3944,0,0.5887,0
17591.5,0.8197,0.0119,11,0.5225,0,0.2657,0
83589.19,0.3919,0.2227,14,0.0261,1,0.9003,0
60122.82,0.3485,0.3771,6,0.0425,1,0.5026,1
78569.63,0.583,0.5068,12,0.069,0,0.2971,0
64936.64,0.4647,0.3416,10,0.6649,1,0.2552,0
88806.63,0.9771,0.649,19,0.2045,1,0.281,1
65654.42,0.5164,0.2264,10,0.166,1,0.4611,0
54601.88,0.3852,0.0255,1,0.0075,0,0.2309,0
72711.22,0.3949,0.0016,15,0.0206,1,0.5174,0
47502.31,0.5479,0.3455,20,0.3648,0,0.192,0
37876.06,0.3549,0.3617,18,0.4875,1,0.271,0
49426.98,0.7229,0.9486,2,0.5212,1,0.1197,0
21122.84,0.3807,0.0448,20,0.4121,1,0.3574,0
80674.31,0.3841,0.5301,7,0.4136,0,0.406,0
29766.86,0.617,0.5778,17,0.6778,1,0.4037,0
19585.5,0.0608,0.6993,13,0.2606,0,0.7249,0
28403.46,0.6554,0.6387,20,0.2139,1,0.4834,1
84996.66,0.505,0.0081,7,0.7689,1,0.693,0
36369.12,0.453,0.6319,12,0.6203,1,0.0331,0
70174.74,0.7193,0.3224,14,0.4292,0,0.4366,0
86358.91,0.7583,0.7729,3,0.2479,0,0.0898,1
12385.74,0.8463,0.1884,16,0.1229,0,0.4621,0
77677.32,0.3748,0.7162,3,0.0337,1,0.6152,0
34228.22,0.327,0.6255,17,0.7671,1,0.7967,0
25579.12,0.7143,0.6523,2,0.534,1,0.5502,0
70445.64,0.5818,0.1759,3,0.0412,0,0.3795,0
91430.68,0.6318,0.6692,10,0.1427,0,0.2645,1
33026.82,0.5555,0.737,3,0.2516,1,0.9574,1
59039.21,0.7727,0.4894,1,0.2368,1,0.1983,0
32534.24,0.19,0.3404,1,0.4936,0,0.0424,0
57657.13,0.5557,0.1666,6,0.3595,1,0.1259,0
64076.89,0.1581,0.29,10,0.794,0,0.9975,0
62981.86,0.4073,0.7638,0,0.6475,1,0.9061,0
64236.91,0.664,0.4094,2,0.8197,0,0.3203,0
17832.58,0.4931,0.7027,12,0.7765,1,0.0038,0
70886.34,0.3796,0.7401,6,0.8292,1,0.7672,0
69101.28,0.885,0.6742,15,0.882,0,0.3005,0
69845.87,0.7728,0.6735,17,0.2805,0,0.0221,0
12036.7,0.5263,0.6108,0,0.1887,1,0.4566,0
47449.69,0.9501,0.5184,19,0.1486,1,0.4242,1
43858.34,0.4244,0.1978,14,0.5653,1,0.3618,0
13237.59,0.7881,0.8428,17,0.6129,0,0.6534,0
26124.95,0.1679,0.9643,10,0.0791,1,0.726,0
46891.45,0.2858,0.4665,0,0.739,0,0.5592,0
75576.1,0.3381,0.9332,18,0.7048,1,0.014,0
27520.9,0.1058,0.998,11,0.5656,1,0.0224,0
83826.24,0.5018,0.4862,0,0.3921,1,0.8817,0
56850.84,0.1923,0.7244,3,0.1383,0,0.1864,0
77240.06,0.6342,0.6438,4,0.455,0,0.3981,0
49892.82,0.1901,0.2373,7,0.1433,1,0.1035,0
52423.45,0.1235,0.0471,9,0.5445,0,0.2293,0
63873.34,0.9691,0.4534,8,0.279,1,0.4854,1
93157.21,0.6582,0.7872,18,0.2226,0,0.2355,1
51722.2,0.9365,0.3251,19,0.3969,1,0.6591,1
55222.47,0.4899,0.7844,14,0.5226,1,0.3673,0
62189.71,0.0334,0.6548,13,0.3307,1,0.7885,0
75063.94,0.5744,0.6955,18,0.8672,1,0.602,0
11825.78,0.5583,0.2857,5,0.0053,1,0.254,0
53990.31,0.015,0.47,11,0.8216,0,0.8084,1
50751.2,0.8612,0.1817,13,0.0006,0,0.9321,1
92560.07,0.62,0.2466,5,0.195,1,0.12,0
51883.13,0.7447,0.0899,19,0.8967,1,0.6697,0
49490.45,0.4939,0.1268,4,0.6553,0,0.6308,0
96409.0,0.6184,0.2105,1,0.58,0,0.6697,0
47804.76,0.2575,0.5802,6,0.6535,1,0.0312,0
22184.02,0.9738,0.4412,17,0.3675,0,0.0281,0
25607.03,0.4007,0.2669,7,0.7058,1,0.2948,0
14042.82,0.1623,0.8611,4,0.1394,1,0.0802,0
5053.97,0.0559,0.5251,18,0.7145,1,0.3661,0
46034.84,0.6362,0.9231,3,0.8456,0,0.8724,0
78078.05,0.9834,0.635,3,0.7719,0,0.3544,0
74679.31,0.8958,0.0158,18,0.6657,1,0.3928,0
8054.16,0.7021,0.9135,6,0.5862,0,0.2675,0
59148.38,0.9906,0.8575,0,0.469,0,0.4216,0
19656.9,0.7228,0.6353,9,0.3557,1,0.7975,1
94402.25,0.3393,0.5348,15,0.7791,0,0.8309,0
20899.67,0.6012,0.4529,15,0.5827,1,0.4211,0
64530.73,0.0798,0.4822,1,0.3914,1,0.3969,0
35992.64,0.2217,0.7692,5,0.7063,1,0.1951,0
65948.33,0.4175,0.5131,12,0.0487,1,0.9756,0
44164.57,0.2018,0.176,13,0.7318,1,0.311,0
77166.09,0.9535,0.0582,13,0.7296,1,0.3426,0
26914.52,0.9956,0.1262,7,0.2057,0,0.4299,0
91050.23,0.3709,0.2514,18,0.0339,0,0.0804,0
52519.92,0.7092,0.3677,1,0.6423,1,0.3285,0
76828.85,0.4078,0.8924,17,0.1799,0,0.9306,0
85724.37,0.1395,0.2391,19,0.8964,0,0.0744,1
99888.72,0.3369,0.3196,14,0.0083,0,0.2405,0
26274.84,0.2334,0.223,9,0.2068,0,0.2178,1
32254.78,0.3281,0.5457,7,0.0379,0,0.2351,0
28791.14,0.215,0.6171,9,0.7044,1,0.9546,0
29972.78,0.1123,0.5321,3,0.5208,0,0.7086,0
60332.25,0.2174,0.9519,4,0.7636,1,0.9198,1
99384.64,0.9058,0.9954,13,0.8664,1,0.8576,0
99076.42,0.0852,0.8374,11,0.5491,1,0.6247,0
55043.46,0.3248,0.8053,10,0.2086,0,0.5598,0
65707.58,0.5284,0.3661,9,0.0834,1,0.5091,1
86697.2,0.3545,0.5798,1,0.7796,1,0.6895,0
93628.68,0.5176,0.3515,18,0.2206,0,0.7018,0
24366.76,0.0434,0.7844,20,0.8042,1,0.5995,0
55211.46,0.6486,0.1718,5,0.7905,1,0.4489,0
84119.52,0.5635,0.2167,6,0.565,1,0.6754,0
33804.2,0.681,0.0387,13,0.5436,1,0.1567,0
46781.86,0.5673,0.6089,0,0.8557,0,0.5515,0
98634.0,0.4379,0.6885,2,0.6804,0,0.5193,0
98579.44,0.3501,0.0034,18,0.615,0,0.5347,1
91080.15,0.2264,0.5108,3,0.3922,0,0.5108,0
80852.59,0.5001,0.3769,12,0.4356,0,0.7503,0
30567.4,0.0261,0.7924,18,0.35,1,0.7575,0
35480.76,0.3282,0.0389,15,0.8517,1,0.3296,0
56991.87,0.6779,0.0486,5,0.5743,1,0.3508,0
58273.85,0.1087,0.6202,3,0.7023,1,0.0165,0
53022.77,0.0629,0.5916,15,0.0335,1,0.1133,0
65483.68,0.6522,0.8311,8,0.7672,0,0.2623,0
43790.69,0.3978,0.5923,20,0.3759,1,0.7657,0
76171.54,0.8018,0.9494,13,0.6634,0,0.7979,0
36687.24,0.9373,0.3144,0,0.036,0,0.248,0
36414.31,0.957,0.3979,5,0.8045,1,0.8698,0
17086.47,0.4256,0.9777,15,0.5939,0,0.3757,0
22927.66,0.2643,0.1075,14,0.4118,0,0.7981,0
85799.48,0.6086,0.7959,15,0.2732,0,0.4669,1
47396.82,0.6282,0.0116,4,0.2799,0,0.7126,0
26647.44,0.6223,0.4865,5,0.2731,1,0.3563,1
77137.4,0.3218,0.1534,4,0.1179,0,0.0706,0
57628.21,0.0638,0.5989,14,0.4174,0,0.2541,0
7009.82,0.21,0.7982,0,0.4081,0,0.6971,0
35054.34,0.1544,0.033,17,0.3707,1,0.918,0
21815.13,0.1239,0.1638,5,0.6328,0,0.6283,1
67307.92,0.9263,0.3426,10,0.3778,1,0.769,0
31127.95,0.0138,0.2558,5,0.0801,1,0.0141,0
11169.94,0.6019,0.3832,8,0.7669,1,0.7601,0
10218.82,0.9475,0.9519,16,0.3826,1,0.8355,1
60264.09,0.3601,0.1012,4,0.5898,1,0.4127,0
7063.73,0.5271,0.4233,11,0.8369,1,0.4939,0
85635.25,0.6958,0.4571,1,0.6907,0,0.0524,0
19762.73,0.3172,0.2803,3,0.4849,0,0.1746,0
62623.8,0.4777,0.2785,14,0.4905,1,0.0565,0
47245.36,0.8171,0.7148,11,0.7646,0,0.7314,0
47070.89,0.7454,0.6178,12,0.7413,0,0.7999,1
11820.73,0.8084,0.8128,4,0.1608,1,0.1087,1
81261.46,0.9873,0.4051,4,0.5639,0,0.9216,0
89839.99,0.3703,0.6067,8,0.7791,0,0.8395,0
6046.58,0.7471,0.8936,2,0.723,0,0.5763,0
21967.4,0.6028,0.8513,18,0.1122,0,0.9783,1
90870.9,0.6666,0.92,5,0.3921,1,0.8825,1
57201.89,0.7399,0.269,15,0.4664,0,0.2226,0
19253.76,0.7497,0.9854,3,0.232,1,0.954,1
24265.09,0.8857,0.8164,13,0.6115,1,0.443,0
67698.69,0.3493,0.7948,4,0.4286,0,0.1549,0
73857.6,0.6535,0.6676,5,0.2678,0,0.2001,1
61945.55,0.2803,0.9833,8,0.3032,1,0.6842,0
95549.1,0.5946,0.4416,2,0.771,1,0.9876,0
51936.04,0.7512,0.7415,2,0.7796,0,0.4453,0
33525.83,0.791,0.6988,15,0.7311,0,0.5731,0
50337.13,0.4201,0.7321,7,0.8225,1,0.3002,0
39168.3,0.5087,0.7515,11,0.8571,1,0.8455,0
26319.51,0.3338,0.1908,13,0.4426,1,0.1152,0
9366.51,0.169,0.3491,13,0.087,0,0.5822,0
38460.19,0.2605,0.3923,13,0.7201,1,0.5862,0
72583.89,0.9121,0.748,20,0.5701,1,0.0011,0
6751.59,0.309,0.7162,13,0.3425,0,0.9406,0
46721.96,0.9748,0.8334,7,0.878,0,0.9743,0
66180.89,0.2415,0.7885,5,0.3048,1,0.4675,0
62988.39,0.7231,0.596,16,0.8169,1,0.7256,0
78781.6,0.5739,0.1399,8,0.5333,1,0.8487,1
81999.37,0.6969,0.6355,11,0.033,0,0.1167,1
72612.05,0.644,0.8871,17,0.7743,0,0.0846,0
14765.78,0.7067,0.6432,4,0.686,1,0.6893,0
50127.13,0.9055,0.8956,4,0.5782,0,0.5595,0
62323.57,0.5635,0.9991,1,0.5531,1,0.6794,0
28328.77,0.0678,0.3592,1,0.197,1,0.572,0
9042.42,0.2708,0.7233,12,0.193,1,0.7264,0
26241.08,0.7082,0.54,10,0.0263,0,0.1549,1
48214.97,0.4941,0.455,6,0.1387,0,0.2156,0
44323.38,0.5486,0.2399,4,0.3028,1,0.237,1
21783.36,0.5966,0.2459,14,0.4867,0,0.4165,0
83319.48,0.3826,0.185,1,0.1177,1,0.7596,0
92940.23,0.7739,0.6315,14,0.5018,1,0.8314,0
24128.09,0.7235,0.1421,19,0.237,0,0.4013,0
93309.43,0.7143,0.4314,9,0.2286,1,0.602,0
6696.79,0.7153,0.5233,10,0.8531,0,0.2952,0
92871.43,0.8904,0.4382,11,0.8931,0,0.4758,0
95433.24,0.5954,0.8549,1,0.7303,1,0.9409,0
6144.93,0.9671,0.4432,13,0.049,0,0.2693,0
77486.83,0.1192,0.0828,7,0.6558,1,0.7879,1
97169.15,0.632,0.9922,9,0.1606,0,0.0422,1
91060.71,0.7169,0.845,0,0.5123,0,0.3452,0
97217.47,0.4772,0.66,18,0.8043,0,0.6588,1
57280.73,0.2882,0.7563,7,0.3422,1,0.776,0
12424.83,0.55,0.1282,1,0.836,0,0.5922,0
85729.97,0.3647,0.7659,16,0.6375,0,0.8692,0
63313.68,0.9091,0.2077,20,0.2709,1,0.8208,0
63399.99,0.3568,0.489,10,0.0854,0,0.6175,0
44639.09,0.1757,0.178,0,0.7338,0,0.3481,0
59324.99,0.5764,0.7538,20,0.4123,0,0.3637,1
19590.08,0.396,0.2459,4,0.0654,1,0.6151,0
75278.15,0.0959,0.2532,5,0.0928,0,0.6566,0
12126.64,0.5648,0.1092,14,0.8703,1,0.3946,0
74329.17,0.5378,0.7206,6,0.2187,1,0.3975,0
85652.95,0.1732,0.2958,1,0.8699,0,0.1768,0
49884.52,0.5976,0.5183,14,0.613,1,0.0003,0
53433.88,0.5674,0.3322,5,0.2704,0,0.4615,1
34660.36,0.7736,0.7747,18,0.3454,1,0.8308,1
97098.57,0.3616,0.2265,3,0.6993,1,0.7665,0
74646.83,0.2488,0.9408,19,0.3919,1,0.9939,0
40053.91,0.9512,0.3213,15,0.0673,0,0.6694,0
21606.7,0.5612,0.1039,5,0.2068,0,0.2339,0
25860.06,0.0271,0.2403,12,0.7743,1,0.6773,0
49072.62,0.8207,0.0739,19,0.6266,1,0.8285,0
94544.0,0.1968,0.4687,1,0.4509,1,0.641,0
74743.9,0.786,0.2503,17,0.2209,0,0.4817,0
25448.16,0.7052,0.886,9,0.4271,0,0.6185,1
86658.31,0.9688,0.5171,19,0.71,1,0.0258,0
40929.05,0.9656,0.2334,4,0.0734,1,0.2651,0
85913.61,0.2744,0.4513,15,0.8953,1,0.1577,0
27961.46,0.7664,0.196,20,0.7738,0,0.4134,0
63772.76,0.3169,0.1787,7,0.2862,1,0.893,0
93033.7,0.6292,0.3007,2,0.7835,0,0.1879,0
29499.93,0.5977,0.1083,8,0.6135,0,0.071,0
70828.03,0.0545,0.1886,12,0.5997,1,0.7769,0
98794.7,0.0052,0.938,13,0.1257,1,0.8679,0
19306.84,0.0578,0.6668,10,0.8153,0,0.5314,0
13398.22,0.1279,0.9211,19,0.4053,0,0.3766,0
69048.54,0.2577,0.2568,12,0.7229,0,0.4305,0
37274.92,0.907,0.857,13,0.2696,0,0.659,1
11768.23,0.5186,0.3623,20,0.2772,0,0.8313,0
50154.03,0.7969,0.1442,19,0.8682,1,0.1894,0
76608.21,0.8383,0.8047,7,0.447,0,0.9023,1
32086.63,0.7349,0.0597,6,0.0539,0,0.6574,0
36829.45,0.3914,0.4049,15,0.7521,0,0.7383,0
85341.44,0.8639,0.8193,11,0.2045,1,0.0869,1
54406.83,0.742,0.6172,9,0.7909,1,0.9183,0
85059.54,0.7432,0.5181,14,0.8248,1,0.5282,0
47407.0,0.9016,0.3536,13,0.0655,0,0.3621,0
95532.64,0.5987,0.0751,19,0.5242,1,0.3989,0
66825.49,0.5286,0.991,7,0.8834,1,0.293,0
16010.39,0.8902,0.1748,15,0.8378,0,0.163,0
89083.83,0.4545,0.2553,4,0.4727,0,0.0347,0
51480.19,0.8116,0.2359,19,0.6124,1,0.2644,0
18455.7,0.0538,0.9079,1,0.5438,0,0.4966,0
19505.56,0.0013,0.7637,15,0.1829,1,0.6668,0
70315.72,0.5283,0.4573,2,0.5877,1,0.7333,0
9500.39,0.0736,0.9554,18,0.2998,0,0.5956,0
32226.41,0.9765,0.0528,20,0.3042,1,0.1161,0
18279.82,0.0055,0.8937,17,0.378,0,0.4315,0
46902.36,0.7181,0.0604,16,0.767,1,0.6674,0
44363.61,0.2434,0.3911,10,0.2145,0,0.7432,0
54578.26,0.9676,0.054,5,0.2257,0,0.3245,0
31565.45,0.3815,0.999,20,0.0066,0,0.9284,0
8044.14,0.0273,0.9144,11,0.1395,0,0.7954,0
63366.68,0.0269,0.5848,17,0.8808,0,0.8517,0
40503.21,0.5534,0.2178,14,0.3905,1,0.6665,0
66876.82,0.9867,0.2768,14,0.1756,0,0.4138,0
15323.36,0.9798,0.4495,7,0.8691,1,0.9342,0
6308.85,0.3373,0.3228,8,0.0244,0,0.9014,0
28587.95,0.4827,0.0213,9,0.4357,1,0.8285,0
48372.0,0.1005,0.6563,12,0.7241,1,0.8911,0
42436.84,0.5222,0.6134,15,0.6955,0,0.9166,1
81978.74,0.5997,0.9043,4,0.1703,1,0.7464,1
40894.58,0.2511,0.4769,4,0.637,0,0.2003,0
55391.91,0.6121,0.3447,1,0.5601,1,0.5385,0
61383.98,0.8997,0.5115,11,0.6077,0,0.616,0
7073.98,0.001,0.1947,14,0.2395,1,0.7734,1
53937.67,0.2289,0.6255,4,0.7297,0,0.4951,0
37758.97,0.2099,0.77,14,0.5033,1,0.5129,0
45021.61,0.1239,0.1535,0,0.6526,0,0.9956,0
14527.3,0.1661,0.3184,18,0.8456,0,0.4522,0
79367.95,0.6259,0.8678,14,0.7699,0,0.13,0
94528.4,0.1027,0.5055,14,0.7041,0,0.7097,0
7115.54,0.7385,0.5318,14,0.2607,0,0.3625,1
62130.41,0.887,0.7224,7,0.0487,1,0.2485,1
77565.19,0.9266,0.5779,20,0.5172,1,0.6285,0
32056.72,0.6602,0.0696,15,0.0311,0,0.9544,1
79817.78,0.1974,0.804,3,0.6428,1,0.3128,0
65073.73,0.0853,0.9228,19,0.6631,0,0.3723,0
93270.45,0.232,0.0533,15,0.5066,1,0.4655,0
98195.46,0.962,0.1212,6,0.1513,1,0.688,0
9022.88,0.9623,0.702,19,0.7881,0,0.3959,0
47269.09,0.3819,0.6045,5,0.5363,0,0.4251,1
56963.84,0.3258,0.3825,13,0.4634,1,0.7009,1
18940.61,0.51,0.5392,14,0.5108,1,0.9851,0
36947.15,0.2917,0.7033,20,0.0746,1,0.3165,0
98826.51,0.9797,0.5045,11,0.6664,0,0.5853,0
6541.89,0.2212,0.1402,20,0.0547,0,0.7944,0
47988.25,0.3691,0.0894,5,0.5205,0,0.2121,0
85052.19,0.4294,0.4389,16,0.1523,1,0.8183,0
35770.62,0.1251,0.9229,5,0.1869,0,0.3549,1
50580.86,0.3828,0.5578,20,0.2099,0,0.111,1
97914.35,0.8567,0.3582,16,0.0129,0,0.0249,0
50113.3,0.1404,0.9087,13,0.8027,1,0.0331,0
17437.52,0.584,0.3886,1,0.7238,1,0.7976,0
9913.54,0.4066,0.5091,10,0.0282,0,0.6749,0
94814.57,0.1705,0.1165,3,0.0513,0,0.7935,0
30251.89,0.0123,0.7374,19,0.7046,1,0.7529,0
52886.07,0.2733,0.7003,7,0.0061,0,0.381,0
13616.67,0.0618,0.7942,17,0.4221,1,0.933,0
45247.24,0.3768,0.3252,19,0.0966,1,0.8779,0
93360.02,0.8102,0.4361,2,0.5325,0,0.3484,1
52729.23,0.7197,0.1683,15,0.8985,0,0.7729,0
97257.84,0.9474,0.9645,6,0.1548,1,0.8197,1
29589.39,0.427,0.0861,2,0.861,1,0.4885,0
52931.8,0.7078,0.649,5,0.7789,1,0.1204,0
86655.43,0.6653,0.7053,11,0.8873,1,0.3341,0
47583.97,0.217,0.1577,17,0.6896,1,0.9888,0
31551.3,0.3036,0.3653,14,0.7713,0,0.7159,0
86270.16,0.5298,0.0431,4,0.5351,0,0.7747,0
42039.5,0.7967,0.5566,6,0.7806,1,0.9119,0
55418.71,0.4618,0.9949,6,0.1004,0,0.2028,0
97770.07,0.2277,0.4299,15,0.6675,1,0.9684,0
22715.91,0.9935,0.99,10,0.5659,1,0.5181,1
33633.06,0.1156,0.1262,0,0.0539,1,0.7447,0
7951.61,0.9559,0.3925,1,0.2624,1,0.3182,0
42224.58,0.809,0.902,1,0.1945,0,0.3294,1
24017.43,0.8389,0.8767,20,0.3647,1,0.3596,1
69603.32,0.7949,0.3236,10,0.1785,0,0.3481,0
22225.54,0.2082,0.6786,10,0.2473,0,0.0625,0
69107.21,0.6326,0.8862,15,0.2664,1,0.3096,1
30030.17,0.7567,0.7669,3,0.5398,1,0.6474,0
38745.69,0.7457,0.6285,0,0.1214,0,0.902,1
38141.76,0.2716,0.1526,5,0.217,1,0.0417,0
73091.42,0.1811,0.073,4,0.2854,0,0.0166,0
49318.38,0.3281,0.6146,16,0.4042,1,0.5924,0
39323.4,0.4798,0.5003,17,0.0343,0,0.6997,0
85999.16,0.5738,0.238,13,0.8993,1,0.6082,0
59335.31,0.837,0.2928,19,0.2704,0,0.973,0
25313.93,0.769,0.3921,9,0.2586,0,0.2289,0
90508.67,0.6762,0.4955,5,0.4994,1,0.4812,1
37551.78,0.2635,0.3903,6,0.7686,1,0.9159,0
8703.04,0.4789,0.3873,2,0.4111,0,0.6175,0
51987.02,0.3354,0.1157,18,0.224,1,0.5771,0
16774.12,0.2349,0.8656,12,0.5093,1,0.9328,0
27654.31,0.0102,0.6092,16,0.4346,0,0.3389,0
75975.53,0.3395,0.1461,5,0.3808,1,0.1572,0
17421.42,0.2561,0.4239,15,0.8855,0,0.1292,0
81659.7,0.5719,0.4167,6,0.8964,1,0.8219,0
94006.19,0.0623,0.6006,9,0.5057,1,0.8569,0
62620.55,0.2705,0.6089,13,0.0612,1,0.2339,0
72484.12,0.0448,0.6452,20,0.5102,0,0.4571,0
72790.73,0.6414,0.6979,11,0.8572,1,0.5849,0
99316.76,0.5682,0.1034,14,0.8331,0,0.139,0
37446.13,0.3375,0.3049,12,0.194,0,0.8488,0
20471.37,0.1473,0.0173,8,0.1711,1,0.4189,0
54320.89,0.9579,0.4546,19,0.137,0,0.8635,1
55658.73,0.5844,0.4294,20,0.7378,1,0.7601,0
21901.69,0.6791,0.7343,6,0.441,1,0.295,0
63245.39,0.5313,0.1671,18,0.3042,1,0.7166,0
6341.85,0.8065,0.6315,9,0.2923,1,0.7407,1
93128.5,0.8964,0.3067,15,0.2479,0,0.3113,0
30134.56,0.3827,0.3819,10,0.7944,0,0.2537,0
8758.22,0.69,0.7193,16,0.3687,0,0.8234,1
15283.7,0.2299,0.0715,18,0.2196,0,0.6779,0
27823.65,0.6519,0.3428,8,0.6394,0,0.7396,0
31021.09,0.3992,0.3913,14,0.5719,1,0.3131,0
8116.95,0.0068,0.7157,10,0.6438,0,0.7222,0
31538.71,0.9555,0.1992,16,0.7398,0,0.7143,0
23329.46,0.8684,0.9474,4,0.0911,1,0.3333,1
40968.99,0.2908,0.9978,15,0.0018,1,0.2705,0
41590.94,0.9978,0.8189,12,0.0455,0,0.4314,1
37205.74,0.3171,0.2997,9,0.6361,0,0.7391,0
36152.77,0.4588,0.6639,7,0.841,0,0.1936,0
13524.47,0.8513,0.0831,14,0.298,1,0.8743,0
7394.47,0.3046,0.8713,7,0.7031,1,0.2553,0
24200.86,0.4505,0.516,0,0.6563,0,0.8396,0
76881.7,0.6656,0.1764,19,0.8803,0,0.1558,0
99126.93,0.1305,0.3274,9,0.4237,0,0.7394,1
93209.99,0.4224,0.8007,3,0.1495,0,0.5614,1
52900.84,0.3094,0.8702,4,0.6887,0,0.6615,0
55523.27,0.6768,0.5197,17,0.7369,0,0.9741,0
34885.25,0.136,0.4803,6,0.6366,1,0.0526,0
78524.25,0.2327,0.7507,5,0.7769,0,0.1491,0
77651.89,0.7114,0.8262,10,0.3341,0,0.0791,1
85205.87,0.1562,0.7648,0,0.6213,0,0.5196,0
90072.93,0.422,0.3844,11,0.2375,0,0.8028,0
46263.18,0.7129,0.6419,0,0.4018,1,0.0548,1
77853.18,0.7655,0.8574,17,0.2182,1,0.7794,0
81607.88,0.0949,0.1518,9,0.1391,1,0.4331,0
34303.66,0.852,0.3881,4,0.0324,0,0.9414,0
93278.01,0.724,0.0566,9,0.6043,1,0.3827,0
13962.44,0.3393,0.4089,3,0.7877,1,0.9846,0
99455.57,0.7638,0.7723,6,0.283,1,0.5565,1
78158.62,0.7283,0.197,2,0.3863,1,0.99,0
13860.74,0.6009,0.5419,14,0.0032,0,0.6319,1
67341.82,0.5585,0.0366,20,0.3716,1,0.3463,0
8247.04,0.7347,0.8976,10,0.2532,1,0.8034,1
78167.76,0.9993,0.82,2,0.5168,0,0.487,0
80926.18,0.5786,0.5244,1,0.8177,0,0.3088,0
62228.97,0.8087,0.7058,17,0.4555,0,0.4783,1
86401.74,0.7443,0.1039,7,0.608,0,0.8719,0
14298.91,0.8558,0.8452,6,0.6349,0,0.7323,1
31212.76,0.9545,0.7153,2,0.1372,0,0.1738,1
44346.86,0.1931,0.12,13,0.3119,0,0.8386,0
9033.51,0.1655,0.9807,1,0.1018,1,0.4314,0
47580.53,0.5864,0.0225,18,0.3967,0,0.0829,0
30195.28,0.4493,0.6285,4,0.7986,0,0.1472,0
42309.83,0.5707,0.1718,1,0.4328,1,0.0662,0
45384.75,0.798,0.7193,14,0.4105,0,0.6766,1
88544.11,0.9317,0.0704,7,0.1884,0,0.2576,0
30682.39,0.4174,0.0811,14,0.2792,0,0.0963,0
89905.6,0.7179,0.4663,0,0.8429,0,0.3657,0
45467.24,0.1968,0.994,18,0.2727,0,0.867,0
36141.73,0.5346,0.2765,6,0.6582,0,0.6287,0
52738.64,0.0218,0.6125,15,0.0379,0,0.4862,0
44685.61,0.5038,0.5186,19,0.1155,0,0.7332,0
29450.37,0.5453,0.8421,11,0.2803,1,0.0759,0
52754.54,0.7354,0.2886,7,0.8113,1,0.8828,0
19421.16,0.6495,0.5549,6,0.1974,0,0.1777,1
38433.34,0.3584,0.9506,14,0.6541,0,0.0214,0
58750.07,0.0057,0.3326,0,0.1508,1,0.3624,0
44273.78,0.1155,0.4394,3,0.5516,1,0.0584,0
83271.67,0.9731,0.8888,13,0.5281,0,0.1671,1
29388.57,0.9223,0.3325,0,0.5598,0,0.739,0
97128.3,0.3251,0.3807,6,0.2576,0,0.4047,0
79548.59,0.2589,0.3041,13,0.1459,1,0.0069,0
96921.34,0.4364,0.8095,5,0.7978,1,0.6438,0
84622.97,0.6899,0.9304,19,0.5125,0,0.7071,0
18499.87,0.3568,0.6311,20,0.1908,1,0.902,0
55013.71,0.0673,0.6236,0,0.372,0,0.1546,0
21147.96,0.4028,0.39,3,0.0604,0,0.8572,0
82731.6,0.2606,0.0125,19,0.4278,1,0.7087,0
60495.4,0.3249,0.1739,0,0.3815,1,0.5636,0
30027.68,0.163,0.1474,10,0.1195,0,0.2618,0
93311.9,0.6588,0.1159,19,0.3999,1,0.4578,0
15942.68,0.5266,0.654,12,0.5756,1,0.1983,0
58566.93,0.2709,0.1363,6,0.8356,0,0.7177,0
73498.85,0.5539,0.0856,0,0.6329,1,0.7036,0
10590.61,0.4927,0.3826,8,0.4522,1,0.1915,0
61796.32,0.796,0.249,11,0.693,0,0.2526,0
82510.62,0.956,0.1459,1,0.2519,0,0.9011,1
11415.09,0.1307,0.1461,11,0.6019,0,0.4717,0
53663.08,0.8839,0.2562,8,0.0046,1,0.5511,0
29562.93,0.7048,0.5368,6,0.0653,0,0.9586,1
67977.82,0.6926,0.7581,20,0.5618,0,0.207,0
16274.35,0.3743,0.8528,18,0.1733,0,0.6271,0
94019.89,0.3439,0.7514,14,0.6199,1,0.774,0
89999.22,0.0056,0.6282,12,0.5731,0,0.3194,0
22667.57,0.9822,0.9076,9,0.0573,1,0.3088,1
35710.26,0.6065,0.5197,1,0.3532,0,0.8968,1
60825.32,0.4023,0.6334,6,0.5517,1,0.0994,0
73215.92,0.5438,0.4116,0,0.6421,1,0.1574,0
47052.32,0.0405,0.3274,7,0.7345,0,0.411,0
19847.68,0.1737,0.3317,9,0.2974,0,0.7984,0
14894.39,0.6234,0.1483,12,0.753,1,0.455,0
99977.71,0.5143,0.7966,7,0.3188,0,0.2706,0
48258.45,0.7871,0.0554,5,0.0063,0,0.4203,0
87890.52,0.6587,0.6747,14,0.549,0,0.4455,0
50825.72,0.6014,0.8645,3,0.2175,0,0.727,0
92623.98,0.8153,0.4974,2,0.1119,0,0.8688,1
13337.14,0.0683,0.0702,14,0.2325,0,0.3213,0
15831.82,0.6909,0.4284,12,0.7451,1,0.7085,0
93315.06,0.7156,0.3432,18,0.8226,1,0.7014,0
95011.84,0.2752,0.9855,15,0.8655,1,0.7669,0
34898.16,0.1956,0.6913,18,0.2725,1,0.5753,0
38740.66,0.2139,0.7214,13,0.4103,0,0.0147,0
47982.77,0.1981,0.5158,17,0.7223,1,0.6559,0
44535.36,0.5238,0.7094,3,0.2861,1,0.6123,0
23054.3,0.1356,0.7226,11,0.3466,0,0.6115,0
90345.66,0.6593,0.0664,19,0.2135,0,0.2813,0
29064.22,0.1051,0.2226,16,0.5151,1,0.0979,1
72000.88,0.0269,0.013,8,0.5933,1,0.1894,0
11379.79,0.3193,0.5098,19,0.2866,1,0.2162,0
8681.38,0.1919,0.8758,6,0.0218,0,0.1736,0
67104.39,0.9887,0.6096,0,0.6623,1,0.2445,0
37206.51,0.303,0.5002,16,0.5549,1,0.0687,0
67268.64,0.2221,0.926,8,0.1971,1,0.2693,0
13932.01,0.1968,0.1722,0,0.2832,1,0.9979,0
95235.88,0.3739,0.0746,4,0.8614,0,0.5114,1
76108.87,0.6058,0.9173,1,0.5672,1,0.3444,0
88245.39,0.7819,0.9028,20,0.5359,1,0.7205,0
17964.7,0.3646,0.683,17,0.5757,1,0.4695,0
35415.29,0.626,0.246,19,0.859,1,0.0295,0
39992.7,0.4821,0.9698,3,0.3059,0,0.5474,1
56031.4,0.8465,0.7653,16,0.2528,1,0.3041,0
33202.51,0.569,0.6739,11,0.3391,0,0.5712,1
10759.92,0.2899,0.2229,6,0.7209,0,0.1732,0
40043.45,0.7036,0.5131,14,0.1089,0,0.4825,1
29182.18,0.8201,0.8226,19,0.1861,0,0.1936,0
41662.52,0.4654,0.8603,9,0.2054,0,0.2988,0
23711.16,0.9872,0.5614,0,0.5727,0,0.6872,0
29880.16,0.8791,0.5228,17,0.5774,0,0.2277,0
64560.47,0.197,0.6977,3,0.3347,1,0.4171,1
41874.61,0.7868,0.5282,3,0.2486,1,0.0731,1
37811.42,0.601,0.4177,12,0.6792,0,0.6872,0
55721.04,0.5348,0.0854,16,0.0286,0,0.5389,1
78326.75,0.5139,0.126,16,0.6649,1,0.8138,0
40992.46,0.8534,0.7603,18,0.1892,0,0.5351,1
60814.35,0.6109,0.0247,18,0.8125,0,0.9942,0
96789.25,0.5377,0.0523,2,0.3723,1,0.2411,0
54588.11,0.0489,0.9046,6,0.5781,0,0.7421,0
91430.77,0.4483,0.704,15,0.1089,1,0.4323,0
80398.9,0.908,0.0042,8,0.2285,0,0.376,0
10578.27,0.7117,0.312,15,0.6305,1,0.7315,0
45764.39,0.051,0.7633,9,0.4953,0,0.9556,0
71340.25,0.884,0.4176,9,0.6934,0,0.7556,0
98737.63,0.8267,0.4688,0,0.5071,0,0.3301,0
48545.75,0.5467,0.4588,12,0.5124,0,0.5099,0
13814.62,0.0224,0.2021,18,0.7724,1,0.2171,0
58390.87,0.5624,0.7214,17,0.3822,1,0.6202,1
17023.56,0.0546,0.103,7,0.8055,1,0.4026,0
76394.36,0.3204,0.5073,14,0.335,1,0.2281,0
53229.31,0.6289,0.17,4,0.2957,0,0.0211,1
73725.98,0.9129,0.0465,13,0.7015,0,0.9253,1
87589.37,0.3578,0.1432,8,0.0104,0,0.0788,1
64750.06,0.86,0.8693,19,0.155,1,0.3293,1
63181.74,0.9184,0.1761,14,0.0646,1,0.1905,0
76684.18,0.021,0.2784,1,0.4609,1,0.4941,0
85033.23,0.2394,0.1381,18,0.5653,0,0.1949,0
87560.11,0.7099,0.7355,15,0.0093,0,0.7362,1
8460.87,0.7568,0.4454,4,0.1453,1,0.2248,0
57838.08,0.3924,0.9436,5,0.2723,1,0.1855,0
25545.58,0.6568,0.6643,3,0.2648,1,0.2169,1
86732.86,0.6122,0.5314,6,0.0874,0,0.2976,1
66597.78,0.7398,0.6566,19,0.1556,1,0.6418,1
44921.14,0.7187,0.0404,18,0.7623,1,0.2096,0
22869.9,0.0859,0.9507,11,0.6305,0,0.6969,0
37207.24,0.1583,0.9564,7,0.2665,0,0.4302,0
71858.88,0.1327,0.2761,7,0.2371,1,0.197,0
24414.16,0.9325,0.6283,20,0.0722,1,0.24,1
13890.38,0.9135,0.2019,4,0.314,1,0.5273,1
89362.73,0.7974,0.5475,15,0.3583,1,0.3786,1
77599.98,0.1167,0.7708,20,0.8138,0,0.5137,0
23980.52,0.5743,0.9398,17,0.6688,0,0.8126,0
32769.6,0.1872,0.3392,15,0.4312,0,0.0458,0
97346.67,0.3684,0.6935,18,0.1214,1,0.3936,1
72277.53,0.2671,0.7164,4,0.5905,0,0.4154,1
62999.59,0.8289,0.2211,20,0.8424,0,0.2509,0
34224.71,0.1445,0.629,1,0.0702,0,0.4419,0
33416.89,0.6462,0.6554,0,0.7637,1,0.5666,0
8754.74,0.9839,0.7641,4,0.1621,1,0.585,0
74205.78,0.6871,0.9999,12,0.6312,1,0.6698,0
9101.65,0.0792,0.0402,5,0.1655,0,0.0768,0
5461.45,0.9078,0.2023,13,0.54,0,0.46,0
74302.03,0.6431,0.1451,2,0.2139,0,0.7576,0
95143.01,0.4563,0.1544,14,0.4875,1,0.455,1
76867.79,0.6597,0.4542,4,0.5401,0,0.6565,1
49805.82,0.879,0.8785,10,0.5567,1,0.5904,0
51174.3,0.4771,0.4487,2,0.6145,1,0.4647,0
46432.96,0.5313,0.6685,20,0.0621,1,0.0789,0
35841.15,0.4524,0.3765,7,0.633,1,0.6332,0
54562.85,0.0726,0.3197,12,0.1391,1,0.5345,0
45959.34,0.7871,0.8342,10,0.6093,1,0.0057,0
61825.95,0.1264,0.6555,12,0.1116,0,0.2069,0
90321.41,0.3946,0.3509,9,0.4315,1,0.0614,0
99525.89,0.3868,0.9142,1,0.3481,0,0.5702,0
12480.61,0.28,0.4985,17,0.8706,0,0.0151,0
41544.93,0.4025,0.1883,13,0.5677,0,0.8424,0
22167.09,0.618,0.4832,5,0.0794,1,0.9475,1
38451.45,0.3114,0.6747,1,0.6308,1,0.9756,0
32309.94,0.1725,0.3671,18,0.1747,0,0.2266,0
21581.03,0.8694,0.8438,6,0.2575,1,0.4951,1
77587.23,0.9708,0.5331,19,0.3406,0,0.8912,1
52147.43,0.4586,0.4678,16,0.6986,0,0.6873,0
92328.33,0.327,0.8587,20,0.8497,1,0.2987,0
8096.28,0.0475,0.4629,13,0.8319,0,0.834,0
11362.91,0.0369,0.4144,3,0.1536,1,0.5739,0
43310.99,0.3929,0.1037,0,0.0544,1,0.73,0
12626.35,0.9302,0.3625,5,0.7457,1,0.9694,0
29959.31,0.7307,0.397,9,0.2594,1,0.9975,0
98672.83,0.3493,0.1806,13,0.5245,1,0.5048,0
24851.16,0.968,0.5878,18,0.8808,1,0.1566,1
23821.19,0.4288,0.1438,2,0.1678,0,0.6196,0
59495.86,0.2768,0.2237,13,0.3374,1,0.6439,0
52309.84,0.4264,0.5611,1,0.7808,0,0.5721,0
60141.64,0.2115,0.269,10,0.585,1,0.422,0
40789.85,0.8856,0.6397,1,0.8438,1,0.5816,0
83542.42,0.3612,0.6905,7,0.5685,0,0.534,0
18165.15,0.658,0.3013,12,0.2732,1,0.9447,0
45697.3,0.389,0.0874,15,0.7246,0,0.8376,0
70527.38,0.9017,0.4895,16,0.6833,1,0.3937,0
87482.46,0.6424,0.0929,11,0.8403,1,0.5709,0
40109.3,0.4883,0.5152,5,0.4286,1,0.5661,0
58935.83,0.1321,0.7262,19,0.4526,1,0.5107,0
11568.29,0.9019,0.6203,19,0.2914,0,0.0581,0
21180.31,0.5468,0.4483,20,0.2419,1,0.7126,0
11568.13,0.2851,0.9459,16,0.8969,0,0.7313,0
74148.68,0.8779,0.1017,16,0.8795,1,0.4842,0
32365.7,0.0544,0.88,1,0.4767,0,0.9016,0
73755.8,0.3141,0.8001,12,0.8596,0,0.9839,1
11307.84,0.5368,0.4197,8,0.3205,1,0.8129,0
86942.04,0.3398,0.1529,5,0.765,0,0.9279,0
84375.37,0.4767,0.1559,1,0.5714,1,0.4875,0
13448.23,0.2643,0.9218,4,0.6454,0,0.9142,0
7256.87,0.1301,0.2337,19,0.6464,1,0.935,0
10347.44,0.0369,0.8741,19,0.5722,1,0.6236,0
86094.87,0.1576,0.5033,15,0.7671,1,0.1507,0
27296.83,0.9529,0.4617,2,0.3528,1,0.1523,1
57085.97,0.5754,0.6195,14,0.7643,1,0.4723,0
45493.2,0.489,0.215,2,0.1651,1,0.7356,0
80574.92,0.3843,0.4284,14,0.18,0,0.5014,0
51445.34,0.7084,0.9385,0,0.6456,0,0.7998,0
52562.78,0.1413,0.2383,5,0.6751,0,0.7698,0
98963.73,0.2761,0.9216,2,0.8121,0,0.2036,0
19262.31,0.6559,0.9942,19,0.2472,0,0.1328,1
83916.87,0.4791,0.0519,11,0.0505,1,0.7058,0
9916.23,0.7701,0.5314,19,0.4567,1,0.3204,1
50376.63,0.8971,0.1718,0,0.7878,1,0.9314,0
89201.81,0.8234,0.6217,15,0.8743,0,0.8685,0
68195.33,0.1842,0.9895,10,0.772,1,0.4512,0
70095.39,0.0915,0.8969,9,0.441,1,0.5805,0
30015.14,0.1694,0.9248,18,0.777,1,0.8471,0
44764.61,0.7835,0.2133,0,0.1926,0,0.8714,1
39825.2,0.9138,0.5423,19,0.8291,0,0.557,0
54537.1,0.9254,0.2348,0,0.5102,1,0.9719,1
48911.65,0.2982,0.8994,7,0.3504,1,0.521,0
36055.34,0.8403,0.1912,2,0.5235,0,0.0411,0
34020.66,0.5362,0.154,10,0.7056,1,0.5627,0
28831.02,0.8228,0.0122,12,0.2161,1,0.777,0
39679.49,0.5484,0.1819,13,0.0917,0,0.9849,0
19244.44,0.1459,0.1898,16,0.6598,0,0.1054,1
87849.91,0.0792,0.0775,15,0.8572,1,0.4405,0
62201.34,0.9572,0.8677,19,0.5733,1,0.5866,0
17709.71,0.4258,0.78,9,0.1283,1,0.8815,0
70916.64,0.3505,0.2545,3,0.579,1,0.7159,1
85528.31,0.3563,0.7833,3,0.105,1,0.2312,0
27565.89,0.3789,0.4222,5,0.2732,0,0.8594,0
19307.06,0.945,0.7755,12,0.0284,0,0.6642,1
5818.64,0.0627,0.323,1,0.4388,1,0.8952,0
9488.78,0.1191,0.5647,20,0.2892,1,0.8344,0
77413.88,0.7897,0.3816,20,0.0878,1,0.1293,0
98782.7,0.5494,0.1877,3,0.2781,1,0.9605,0
9263.63,0.1285,0.5856,16,0.5828,0,0.4543,0
76066.74,0.0345,0.7508,12,0.2602,1,0.9826,0
11826.91,0.2242,0.7531,10,0.1288,1,0.187,1
61252.62,0.2608,0.3563,15,0.4903,1,0.7933,0
76827.15,0.0142,0.5187,12,0.6779,1,0.3049,0
39124.42,0.2161,0.7638,6,0.7471,1,0.0448,0
6038.8,0.7383,0.0545,11,0.4249,1,0.994,0
61542.99,0.8554,0.0719,2,0.64,0,0.3035,0
99168.24,0.8982,0.3762,5,0.75,1,0.0805,0
29473.66,0.3899,0.2235,20,0.6056,0,0.8605,0
23001.67,0.3194,0.3746,3,0.4745,1,0.432,1
16772.96,0.9999,0.0938,12,0.0539,1,0.5765,0
57749.28,0.7693,0.592,6,0.261,0,0.9848,1
61662.28,0.5374,0.6717,9,0.2878,1,0.4807,0
80265.73,0.2548,0.7918,5,0.3555,0,0.0671,0
76541.96,0.3213,0.6505,11,0.8558,1,0.6912,0
89791.44,0.5154,0.3964,11,0.188,0,0.7106,0
81548.41,0.5421,0.9349,12,0.4874,0,0.1942,0
28490.37,0.0137,0.7263,6,0.8921,1,0.5454,0
57808.35,0.9594,0.5277,12,0.5569,1,0.3692,0
33254.14,0.5756,0.2069,15,0.188,0,0.0499,0
36329.61,0.5892,0.649,15,0.8642,0,0.3116,0
93534.72,0.2115,0.5917,11,0.3027,0,0.9095,0
69780.11,0.765,0.6833,6,0.0431,0,0.3002,1
97586.09,0.7373,0.7811,11,0.3882,1,0.2231,0
44606.69,0.0952,0.915,11,0.2166,1,0.9409,0
56056.57,0.595,0.9491,19,0.737,0,0.3823,0
51275.96,0.6582,0.6302,7,0.198,1,0.9406,1
15192.27,0.8356,0.966,6,0.7379,0,0.8802,0
27486.69,0.2061,0.9114,15,0.0326,1,0.4705,0
55125.45,0.8776,0.0026,13,0.8362,1,0.385,0
11400.56,0.4615,0.6376,8,0.038,1,0.1377,0
93488.88,0.0965,0.1785,0,0.8447,1,0.1906,0
16765.15,0.1056,0.2952,14,0.0663,0,0.2324,0
23808.17,0.1978,0.2975,15,0.7853,1,0.4704,0
77705.52,0.2828,0.4831,19,0.7482,0,0.3721,0
14208.78,0.4964,0.0109,10,0.535,0,0.8004,0
90526.42,0.7488,0.2358,10,0.0324,1,0.2967,1
73941.59,0.1867,0.0291,4,0.559,1,0.4245,0
11518.98,0.9927,0.6506,9,0.5561,0,0.1227,1
70725.47,0.1615,0.8893,0,0.5015,1,0.2712,0
65004.71,0.5994,0.9978,10,0.5684,1,0.783,0
76948.2,0.9289,0.4486,14,0.8713,0,0.7071,0
83678.8,0.8325,0.2601,16,0.896,0,0.4022,0
73243.3,0.6479,0.8531,13,0.4684,0,0.5775,0
60686.75,0.7155,0.1132,16,0.0826,0,0.4583,0
35634.02,0.1342,0.9742,13,0.1206,0,0.8952,0
71241.0,0.0097,0.7148,16,0.6483,1,0.3947,0
95912.3,0.4341,0.5039,9,0.8838,1,0.7221,0
60814.57,0.0895,0.0967,12,0.3924,1,0.2185,1
68112.76,0.3578,0.0182,13,0.0882,0,0.4341,0
46527.16,0.2237,0.5445,12,0.3177,1,0.5293,1
76831.48,0.9163,0.4139,11,0.3465,0,0.1046,0
99778.4,0.8801,0.8427,16,0.8969,0,0.5874,0
20236.99,0.8189,0.6423,5,0.6179,1,0.5747,0
24228.5,0.7139,0.4319,6,0.1061,0,0.1588,0
56246.59,0.1541,0.226,10,0.3034,1,0.9986,0
50730.66,0.0484,0.4804,13,0.0437,0,0.0925,1
59299.13,0.6539,0.163,10,0.5878,0,0.8953,0
9662.03,0.6423,0.667,4,0.6055,0,0.4915,1
43406.26,0.3694,0.6057,17,0.0517,1,0.2227,1
60382.93,0.4727,0.8101,11,0.302,1,0.1128,0
60593.18,0.4891,0.4495,9,0.8126,1,0.6994,1
67446.73,0.2399,0.2786,18,0.7441,0,0.7545,0
73420.52,0.3142,0.8364,9,0.5168,0,0.6734,0
65946.98,0.4184,0.691,3,0.4362,0,0.4199,1
80073.1,0.6032,0.7067,20,0.8936,1,0.1726,0
64352.26,0.9558,0.5281,8,0.65,1,0.7895,0
56063.23,0.5385,0.876,18,0.8574,0,0.8712,0
62588.66,0.7312,0.2278,10,0.0644,1,0.3919,0
14613.37,0.807,0.4017,5,0.1909,0,0.8412,0
30949.87,0.1135,0.7962,7,0.028,1,0.6356,0
55102.98,0.6531,0.133,19,0.7811,0,0.527,0
87933.79,0.4821,0.8081,19,0.6248,1,0.6106,0
69509.9,0.5724,0.3526,2,0.1599,0,0.1078,0
13588.77,0.0384,0.1255,20,0.8768,0,0.1254,0
61266.12,0.9062,0.0791,17,0.8602,0,0.7267,0
26065.11,0.9528,0.843,13,0.2021,0,0.9699,1
74731.57,0.0035,0.7786,3,0.5823,1,0.5078,0
83606.88,0.2128,0.288,12,0.6013,0,0.054,0
61378.35,0.1802,0.1164,8,0.0036,0,0.0681,1
61179.45,0.7813,0.2472,2,0.6199,1,0.4674,1
37166.19,0.5981,0.213,20,0.1992,0,0.6577,0
47393.75,0.1773,0.7331,12,0.8112,1,0.1549,0
87090.29,0.814,0.2156,2,0.7547,1,0.033,0
73715.43,0.3535,0.2161,7,0.8148,1,0.7295,0
54376.6,0.4609,0.0323,17,0.6818,1,0.1461,0
39982.08,0.3873,0.5969,9,0.1484,0,0.4382,0
9786.08,0.5214,0.689,10,0.3245,0,0.7341,0
18585.7,0.4801,0.6535,2,0.638,0,0.1253,0
23337.39,0.2746,0.5686,2,0.291,0,0.4428,0
40471.44,0.4246,0.9661,20,0.639,0,0.1115,0
94693.65,0.9083,0.4727,20,0.3025,0,0.3475,1
52989.57,0.5029,0.8601,2,0.16,1,0.9124,1
27309.82,0.9164,0.646,11,0.4663,1,0.6861,1
15046.26,0.5501,0.0842,14,0.6176,1,0.0231,0
37139.02,0.7688,0.8101,18,0.4655,1,0.1345,1
82494.41,0.2936,0.5844,11,0.5777,0,0.2938,0
41417.57,0.7904,0.6535,18,0.3942,0,0.8955,1
78388.05,0.2643,0.1802,2,0.7005,1,0.7471,0
81256.97,0.0195,0.4375,0,0.585,0,0.6175,0
15527.97,0.1607,0.8806,9,0.5171,0,0.1526,0
62822.68,0.0217,0.2154,5,0.3918,1,0.9289,0
96114.13,0.9471,0.0001,15,0.4822,0,0.8081,0
43203.12,1.0,0.2575,7,0.0459,1,0.2394,1
9839.69,0.7622,0.4875,8,0.6,1,0.4043,0
92713.76,0.1081,0.8213,11,0.184,0,0.4284,0
88948.3,0.8989,0.6433,20,0.7741,0,0.5875,0
54603.44,0.7438,0.9191,1,0.7311,0,0.3748,0
57464.05,0.3322,0.4556,11,0.4752,0,0.21,0
25115.4,0.5023,0.3908,8,0.7624,0,0.667,0
82847.82,0.6618,0.2314,0,0.6037,0,0.6776,0
52367.0,0.0241,0.2181,17,0.1271,1,0.4424,0
8218.39,0.5015,0.7361,19,0.6667,1,0.4867,0
69886.42,0.7324,0.0804,3,0.8962,1,0.0507,0
95297.15,0.1882,0.2427,15,0.0369,0,0.4561,0
83769.3,0.4438,0.8859,14,0.2204,0,0.8004,0
31333.82,0.5325,0.5769,14,0.538,0,0.5915,0
10065.88,0.7356,0.0466,9,0.3737,1,0.9207,0
94333.38,0.9645,0.7043,6,0.5738,1,0.7165,0
94020.96,0.8483,0.5067,1,0.5278,0,0.7776,0
55579.46,0.6215,0.8545,0,0.7092,1,0.4584,0
66020.15,0.5836,0.6824,3,0.0638,1,0.1734,1
48947.01,0.6032,0.0044,11,0.3966,1,0.9122,0
44877.71,0.5452,0.2057,2,0.774,1,0.6592,0
16347.6,0.0594,0.258,14,0.3265,1,0.9095,0
14191.53,0.6983,0.7022,13,0.4534,1,0.6175,1
27109.55,0.7163,0.5093,7,0.0194,0,0.4545,1
84480.87,0.5125,0.7474,1,0.2018,0,0.1347,0
18854.07,0.8704,0.5129,10,0.4173,1,0.3977,1
26536.37,0.6724,0.3274,17,0.3591,0,0.5976,0
57118.34,0.3627,0.1037,8,0.6432,0,0.9308,0
25437.47,0.0197,0.2026,16,0.5507,1,0.8293,0
20504.64,0.0592,0.4008,6,0.7923,0,0.5131,0
58515.04,0.3518,0.5515,1,0.7693,1,0.448,0
39968.86,0.4621,0.9386,13,0.2171,1,0.0333,0
64485.13,0.1669,0.2397,18,0.0159,0,0.3512,0
91659.51,0.1893,0.6661,18,0.769,1,0.9813,1
19344.35,0.2302,0.1525,20,0.2962,1,0.741,0
91776.2,0.7805,0.7138,2,0.3124,1,0.5247,0
90736.55,0.7713,0.0113,0,0.1426,0,0.8623,0
83763.32,0.3829,0.6559,11,0.6237,1,0.0231,1
64972.16,0.1724,0.1632,19,0.2521,0,0.9576,0
63913.93,0.1109,0.1803,20,0.1591,1,0.6997,0
65725.2,0.0871,0.5589,5,0.4531,1,0.0133,0
70597.08,0.3913,0.3754,7,0.6754,0,0.7055,0
6565.81,0.0455,0.4713,13,0.2426,0,0.0831,0
96018.8,0.3336,0.3089,19,0.6498,1,0.6396,1
60632.36,0.9615,0.9535,3,0.4158,0,0.3009,1
79239.25,0.5075,0.2907,20,0.3634,0,0.2121,0
40841.77,0.8226,0.542,17,0.3236,0,0.6281,1
6177.74,0.1293,0.8544,1,0.131,0,0.434,0
53424.79,0.2681,0.6642,17,0.2994,1,0.0645,0
53183.06,0.9465,0.3228,13,0.7913,1,0.8223,0
46513.98,0.3836,0.5524,20,0.092,0,0.2661,1
37273.12,0.6484,0.083,4,0.8625,0,0.6182,0
28733.48,0.9761,0.5457,20,0.0967,0,0.6094,1
55116.76,0.5508,0.4314,0,0.3258,1,0.0562,0
40651.42,0.3053,0.7579,1,0.5457,0,0.9973,0
97143.53,0.5319,0.8479,9,0.7541,1,0.4477,0
21428.09,0.0546,0.1996,13,0.1292,0,0.2054,0
35368.23,0.1124,0.0815,3,0.127,1,0.4367,0
32926.24,0.0072,0.3906,5,0.5655,0,0.6031,0
56614.37,0.8842,0.5342,8,0.2635,1,0.003,1
52431.62,0.6713,0.3768,2,0.5801,0,0.3001,0
66155.34,0.2983,0.6286,3,0.7385,0,0.5363,0
95250.17,0.2212,0.5057,3,0.0692,0,0.6945,0
32096.0,0.6831,0.9366,20,0.76,1,0.3133,0
70813.3,0.9195,0.4094,19,0.0338,1,0.4039,0
7378.82,0.2991,0.0825,13,0.8089,1,0.2212,0
29926.9,0.3216,0.3019,14,0.8781,0,0.293,0
49053.37,0.8542,0.6059,2,0.6007,0,0.6874,0
7944.5,0.8934,0.256,1,0.8858,0,0.3373,0
63678.6,0.914,0.269,7,0.7398,1,0.2796,0
69439.51,0.2932,0.3396,20,0.0399,1,0.2986,1
75939.51,0.1203,0.7461,10,0.0034,0,0.6126,0
54074.58,0.44,0.9401,16,0.0187,0,0.5608,0
62374.74,0.2958,0.3504,7,0.4067,0,0.4069,0
42626.2,0.8839,0.1955,6,0.561,0,0.6323,1
8919.04,0.0366,0.4206,17,0.4333,0,0.6428,0
14495.43,0.6339,0.3518,9,0.6094,1,0.0131,0
67224.61,0.9062,0.99,15,0.4046,0,0.3391,1
99577.75,0.9767,0.4639,15,0.0383,1,0.2443,1
6501.31,0.6501,0.6793,15,0.2036,0,0.8291,1
57970.43,0.9499,0.9138,14,0.8934,1,0.2754,0
76345.83,0.0757,0.6291,16,0.3113,1,0.3173,0
83543.61,0.3593,0.2494,9,0.2923,1,0.5378,0
56794.47,0.0087,0.6074,6,0.1375,0,0.5474,0
63892.02,0.9812,0.4019,10,0.8884,1,0.811,0
71188.87,0.9027,0.4223,6,0.2074,0,0.3879,0
86601.79,0.0281,0.9793,0,0.5821,0,0.2812,1
16617.51,0.0181,0.2786,7,0.0378,0,0.6082,0
92987.31,0.367,0.4689,10,0.0598,0,0.7283,0
7471.65,0.2585,0.1599,10,0.6451,0,0.9926,0
84438.98,0.8469,0.1785,7,0.5717,1,0.6183,0
12290.34,0.1605,0.6035,15,0.6121,0,0.4907,0
23489.68,0.7906,0.751,5,0.2079,0,0.1331,1
5369.94,0.5545,0.6365,13,0.8864,1,0.9869,0
47299.39,0.3774,0.3293,5,0.5025,1,0.685,0
36764.13,0.1457,0.0596,20,0.8726,1,0.165,0
20769.33,0.9977,0.4703,13,0.1478,0,0.4597,1
47853.57,0.618,0.5043,11,0.3646,0,0.5603,0
43225.23,0.4394,0.7707,9,0.3021,0,0.2169,1
77927.8,0.3711,0.6403,15,0.6796,1,0.7325,0
89847.38,0.9057,0.8713,8,0.6728,1,0.6503,0
66993.89,0.8212,0.783,16,0.4379,1,0.2337,1
16818.99,0.8112,0.3659,3,0.0145,1,0.9898,0
33062.13,0.6162,0.6322,17,0.1577,0,0.9487,1
91765.24,0.888,0.7473,20,0.0452,1,0.2655,1
13429.78,0.2993,0.9569,5,0.7623,0,0.4418,0
43651.3,0.7037,0.4224,4,0.2608,0,0.8948,0
94537.94,0.4044,0.6483,20,0.1061,1,0.4063,0
95313.16,0.6,0.3927,8,0.3188,0,0.9548,0
44064.3,0.9982,0.7378,14,0.0696,0,0.2004,1
68402.7,0.9845,0.912,3,0.881,1,0.724,0
48390.83,0.5126,0.9192,8,0.2835,0,0.5995,0
76578.75,0.5739,0.1571,14,0.8398,0,0.3462,0
8000.23,0.8973,0.2041,18,0.6145,0,0.7178,0
18694.93,0.9856,0.7549,9,0.5095,1,0.0242,1
63348.89,0.7786,0.631,1,0.4279,1,0.2309,1
27092.46,0.0652,0.9051,8,0.6186,1,0.2613,0
68274.97,0.3226,0.3138,13,0.6176,0,0.1175,0
38366.18,0.8966,0.848,18,0.0095,0,0.034,1
89231.33,0.7684,0.6838,17,0.817,0,0.3529,0
82829.64,0.7422,0.1955,15,0.3312,0,0.2183,0
51819.59,0.6679,0.1265,3,0.3179,1,0.1329,1
78425.03,0.4153,0.7027,10,0.3659,1,0.1573,0
30758.1,0.4032,0.1585,12,0.6168,1,0.8263,0
51954.68,0.8089,0.7943,9,0.3384,0,0.0949,1
23760.79,0.2938,0.5571,19,0.3364,0,0.7249,0
86784.19,0.6848,0.4769,20,0.0571,0,0.054,1
83191.42,0.7262,0.2755,4,0.375,1,0.0406,0
90704.22,0.8446,0.9838,20,0.1345,1,0.4422,1
88360.31,0.3199,0.7222,17,0.77,0,0.3819,0
96161.64,0.7419,0.7781,14,0.3011,0,0.5457,1
26691.94,0.1065,0.7687,8,0.8648,0,0.7026,0
93523.31,0.1381,0.584,15,0.6161,1,0.3098,0
59265.25,0.4173,0.9397,12,0.6805,0,0.1944,0
45137.03,0.0552,0.5838,18,0.853,0,0.8221,0
58235.52,0.9477,0.52,14,0.215,0,0.1653,1
37547.22,0.9019,0.2737,20,0.5106,0,0.7985,0
32412.54,0.0489,0.2817,8,0.0367,0,0.5871,0
27924.86,0.8383,0.7369,1,0.0907,1,0.2894,1
12830.66,0.5089,0.3348,10,0.3299,0,0.3143,0
52173.67,0.702,0.7287,20,0.6143,0,0.3706,0
89337.36,0.8869,0.9527,13,0.7485,0,0.5911,0
64864.44,0.577,0.4393,14,0.2308,1,0.9796,0
54492.69,0.1163,0.0973,13,0.6742,1,0.3183,1
45716.33,0.0026,0.6665,12,0.2019,0,0.9419,0
49118.15,0.4969,0.0095,1,0.0055,1,0.2051,0
24881.35,0.9492,0.787,8,0.049,1,0.113,1
83178.91,0.5726,0.5257,1,0.527,1,0.5321,0
23846.38,0.3729,0.4897,7,0.4474,1,0.9765,0
73079.16,0.0309,0.5694,15,0.2434,0,0.4849,1
77198.58,0.915,0.5164,16,0.0059,1,0.7999,1
59612.56,0.3272,0.3238,4,0.5112,1,0.4725,0
86978.01,0.7048,0.2815,13,0.7358,0,0.85,0
32649.78,0.6942,0.4153,4,0.0617,1,0.8127,1
88753.64,0.2539,0.8949,4,0.6628,0,0.6862,0
74293.99,0.0638,0.1354,20,0.5711,0,0.6154,1
80881.23,0.385,0.3248,12,0.4314,0,0.5181,0
68135.07,0.3171,0.1923,4,0.0435,0,0.9568,0
85402.59,0.7003,0.4271,2,0.8312,1,0.5574,0
99344.39,0.8198,0.1335,1,0.4297,0,0.3371,0
44915.47,0.2224,0.7608,10,0.3596,1,0.8822,0
82321.99,0.5282,0.1035,2,0.7753,0,0.66,0
75735.08,0.0406,0.6653,12,0.761,1,0.5582,0
48022.67,0.2143,0.2677,9,0.6545,0,0.6822,0
93060.15,0.7618,0.4722,13,0.7464,0,0.3489,1
42470.46,0.7934,0.2,4,0.1119,1,0.4209,0
58719.26,0.7764,0.7302,3,0.6848,0,0.1956,0
15064.52,0.1424,0.9483,2,0.2952,1,0.855,0
26448.64,0.551,0.2217,2,0.7807,0,0.6656,0
84866.14,0.4227,0.9532,1,0.3332,0,0.8243,0
42672.51,0.9915,0.3253,5,0.0489,0,0.3174,0
42437.99,0.6541,0.5578,16,0.3729,0,0.9954,1
28368.2,0.9352,0.7016,12,0.6811,0,0.3572,0
51702.98,0.1454,0.1993,5,0.4508,1,0.3537,0
81552.61,0.4509,0.4448,19,0.6873,0,0.9606,0
90040.59,0.7716,0.0678,15,0.0317,0,0.6551,0
11660.87,0.3679,0.6971,16,0.1594,0,0.9334,0
59607.97,0.6325,0.4166,18,0.5072,1,0.6231,1
49390.97,0.5117,0.8916,15,0.3468,1,0.2465,0
63356.78,0.9919,0.274,20,0.6122,0,0.3907,0
47491.19,0.1739,0.9236,6,0.8663,0,0.8589,0
42871.26,0.9353,0.141,17,0.5939,0,0.4895,1
49828.67,0.4016,0.607,2,0.3756,0,0.709,0
60289.92,0.468,0.3078,6,0.4881,0,0.1665,0
52593.41,0.5286,0.1818,18,0.8215,1,0.3998,0
49853.72,0.2654,0.0939,2,0.6057,0,0.8395,0
82694.35,0.9637,0.6556,10,0.7229,1,0.941,0
75836.56,0.9115,0.2332,7,0.2714,1,0.3243,0
37430.96,0.9729,0.5728,2,0.6699,0,0.1726,0
81054.83,0.9969,0.9794,4,0.1255,1,0.0234,1
86096.81,0.6698,0.316,11,0.6748,1,0.1274,0
19581.76,0.4517,0.0349,13,0.7934,0,0.8357,0
60354.83,0.8507,0.1428,14,0.8102,0,0.4557,0
32104.64,0.0238,0.1193,2,0.1049,1,0.2916,0
75221.37,0.8344,0.4633,6,0.7469,1,0.7757,0
27684.61,0.4973,0.7447,2,0.0989,1,0.7934,0
68783.33,0.6732,0.2964,0,0.4306,1,0.3622,0
29236.84,0.374,0.1458,8,0.6143,0,0.9014,0
53558.66,0.3686,0.6408,13,0.4358,0,0.4631,0
95121.41,0.0317,0.3012,7,0.3059,0,0.2612,1
41224.22,0.4238,0.5752,0,0.6154,1,0.8998,0
88195.16,0.4084,0.9338,4,0.5948,1,0.153,0
98759.74,0.2248,0.2913,9,0.5246,0,0.9959,0
88110.83,0.2473,0.5125,7,0.4756,1,0.6133,0
20757.27,0.5841,0.8068,17,0.6352,0,0.9153,0
82867.53,0.3178,0.6917,12,0.3627,1,0.1788,0
8054.19,0.8303,0.7515,20,0.0619,0,0.3891,1
42363.68,0.1114,0.7726,3,0.4837,1,0.8733,0
87719.67,0.5776,0.5399,7,0.6511,0,0.8371,0
70431.46,0.16,0.5361,1,0.2692,1,0.8719,0
55610.34,0.5282,0.7189,0,0.1267,0,0.2805,0
41847.08,0.5525,0.6976,19,0.8207,1,0.6176,0
82168.21,0.6423,0.6701,10,0.7774,0,0.3896,0
72408.05,0.4274,0.3821,13,0.5566,1,0.3208,0
49498.51,0.5095,0.8285,5,0.7079,0,0.5201,0
89786.01,0.181,0.2362,1,0.8719,0,0.7151,0
26845.06,0.463,0.1557,18,0.5123,0,0.5185,0
21187.19,0.373,0.3452,13,0.2198,0,0.2305,0
66066.36,0.6661,0.2538,14,0.5749,0,0.8075,0
97339.46,0.4348,0.6632,11,0.8231,0,0.9778,0
28489.37,0.7793,0.231,8,0.6211,0,0.3629,0
28718.69,0.426,0.6565,8,0.0236,1,0.8493,0
18252.39,0.2358,0.5132,16,0.8254,0,0.8639,0
86753.54,0.2737,0.1525,4,0.6783,1,0.2605,0
26507.77,0.0453,0.2584,7,0.3616,0,0.7053,0
52801.96,0.5399,0.5217,6,0.8887,0,0.9384,0
99132.89,0.8309,0.7331,10,0.6495,1,0.7399,0
6153.39,0.7691,0.3983,20,0.7429,1,0.03,0
57866.18,0.4378,0.2328,19,0.8488,1,0.6045,0
53667.46,0.1961,0.2951,11,0.0356,0,0.7785,0
81707.5,0.8635,0.0951,4,0.697,0,0.6181,0
38751.75,0.0568,0.0251,19,0.3477,1,0.0287,0
43982.43,0.3992,0.9731,6,0.7822,0,0.1202,0
20954.11,0.8566,0.0964,7,0.791,0,0.8016,0
75377.45,0.3932,0.1249,18,0.7458,1,0.4881,0
79547.35,0.1179,0.871,5,0.7013,1,0.958,0
17983.02,0.2659,0.6635,9,0.7149,1,0.415,0
42378.42,0.6,0.4361,19,0.2669,1,0.8217,0
89825.97,0.152,0.649,6,0.3659,1,0.0355,0
5257.19,0.6549,0.935,13,0.1035,1,0.841,1
33382.11,0.4382,0.0994,0,0.7475,1,0.8591,0
57729.02,0.3344,0.2437,20,0.5814,1,0.3621,0
36738.92,0.2409,0.8603,8,0.5514,1,0.3095,1
30844.29,0.8233,0.7806,14,0.2215,1,0.9099,1
48703.56,0.3967,0.9943,10,0.5535,0,0.7777,0
22244.7,0.7385,0.3139,9,0.4091,0,0.5979,0
55314.4,0.4404,0.9449,8,0.8957,0,0.4363,0
72136.11,0.0919,0.3437,0,0.7768,1,0.9121,0
59653.02,0.4405,0.7151,5,0.4734,1,0.7472,0
13845.39,0.5077,0.8827,7,0.7276,1,0.4168,1
85218.82,0.4578,0.1708,7,0.1481,1,0.4967,0
21622.89,0.8162,0.2056,5,0.0913,1,0.0984,0
77657.14,0.9109,0.581,13,0.5676,1,0.8107,0
39253.69,0.7868,0.8438,17,0.6541,0,0.8417,0
79362.33,0.5828,0.0789,18,0.0478,1,0.3556,0
24595.93,0.5414,0.8509,20,0.1809,1,0.3097,0
22732.9,0.6446,0.3431,13,0.4835,0,0.2522,0
52217.46,0.2878,0.4062,8,0.0565,1,0.1735,0
8128.92,0.8118,0.3399,13,0.3816,0,0.9478,0
26403.25,0.8568,0.9115,2,0.4339,0,0.759,1
73781.16,0.2672,0.1308,17,0.8296,1,0.4334,0
84551.43,0.9028,0.5743,11,0.2841,0,0.1102,1
12674.61,0.8487,0.1481,3,0.1518,1,0.1394,0
88797.38,0.4245,0.9286,8,0.0068,1,0.7098,0
80764.13,0.909,0.7979,6,0.1094,1,0.2031,1
87620.01,0.1204,0.2338,7,0.6758,1,0.3479,0
71350.71,0.028,0.2978,1,0.4004,1,0.957,0
69044.54,0.3479,0.3815,0,0.1789,0,0.5812,0
54883.86,0.5654,0.4054,7,0.8397,1,0.8083,0
67014.79,0.3514,0.8173,6,0.7088,1,0.1039,0
92315.42,0.9421,0.5645,20,0.1029,0,0.3304,1
14549.59,0.2547,0.4279,5,0.2421,0,0.8956,0
34997.63,0.2812,0.7194,6,0.7645,0,0.8105,1
11883.22,0.6348,0.4579,19,0.6232,0,0.7234,0
94756.49,0.0039,0.1282,18,0.851,0,0.5874,0
47300.22,0.7276,0.1075,1,0.0686,1,0.2689,0
69157.72,0.3775,0.326,1,0.6979,0,0.5855,0
84906.41,0.9777,0.6029,1,0.0688,1,0.0508,1
99145.02,0.6914,0.1348,9,0.303,1,0.2023,0
20369.33,0.0522,0.5501,12,0.6756,1,0.5183,0
80953.7,0.0926,0.2696,7,0.6399,0,0.002,0
89305.18,0.0882,0.6954,0,0.0019,0,0.2322,0
9643.16,0.9526,0.0283,4,0.1817,1,0.1522,0
76638.6,0.6841,0.469,12,0.7007,1,0.3455,0
38698.91,0.4276,0.0523,7,0.1135,0,0.8584,0
66616.7,0.2005,0.3305,2,0.2937,0,0.9474,0
53834.58,0.8736,0.0156,13,0.1655,1,0.1651,0
29675.51,0.2016,0.4691,12,0.1003,1,0.2311,0
17846.03,0.7067,0.767,10,0.753,0,0.8469,0
16109.99,0.7633,0.1002,19,0.0552,0,0.1727,0
14815.67,0.2947,0.7352,17,0.4824,1,0.7413,1
65590.05,0.5049,0.5842,0,0.6234,0,0.0855,0
38384.03,0.223,0.5046,19,0.0518,0,0.6483,0
25580.18,0.3789,0.5995,1,0.5701,0,0.2657,0
70729.08,0.9651,0.3359,10,0.3007,0,0.7496,0
70250.71,0.6931,0.7103,18,0.7502,1,0.5194,0
56220.99,0.8466,0.7797,20,0.7179,0,0.1789,0
93820.99,0.5406,0.7782,0,0.7145,1,0.4022,0
41614.35,0.239,0.2695,1,0.3588,1,0.5144,0
84406.98,0.7129,0.6539,5,0.7403,0,0.996,0
12138.24,0.5006,0.1481,5,0.567,1,0.4804,1
75283.95,0.1768,0.4954,5,0.3408,0,0.1512,0
98902.5,0.4124,0.0026,8,0.0726,1,0.5552,0
85426.83,0.6348,0.1936,6,0.0601,0,0.2202,0
60068.15,0.7353,0.6317,12,0.2263,1,0.8796,0
64542.78,0.2432,0.8744,17,0.2696,1,0.8341,0
38562.51,0.876,0.049,11,0.8348,0,0.1286,0
69551.1,0.3796,0.5586,6,0.8999,0,0.5884,0
78187.56,0.2711,0.6368,11,0.1293,0,0.6965,0
99831.71,0.1951,0.9324,13,0.8485,1,0.2517,0
51783.98,0.8042,0.6551,18,0.6359,0,0.6264,0
10823.89,0.3542,0.103,19,0.4487,1,0.4627,0
61606.51,0.4834,0.1467,5,0.8592,0,0.4821,0
16307.29,0.2228,0.6358,19,0.6423,0,0.5513,0
28252.68,0.6861,0.2156,17,0.5343,0,0.5701,0
36234.09,0.781,0.9283,2,0.1886,0,0.7098,1
74447.84,0.3394,0.9207,11,0.22,1,0.4524,0
22461.77,0.9451,0.9487,3,0.8204,1,0.7226,0
20746.53,0.0306,0.293,10,0.1935,1,0.4859,0
9271.6,0.1329,0.7169,0,0.0291,1,0.6628,0
87957.79,0.5888,0.663,6,0.2396,0,0.2631,1
70883.02,0.7014,0.0356,12,0.4325,1,0.5417,0
8794.91,0.2507,0.2656,6,0.3438,1,0.468,0
7687.77,0.5541,0.2068,0,0.8422,0,0.3022,0
58074.06,0.3184,0.3708,8,0.3767,1,0.0623,0
31840.77,0.5541,0.9531,11,0.8001,1,0.5102,0
61689.0,0.6593,0.8456,16,0.5352,0,0.0098,1
46287.4,0.9728,0.2934,2,0.4717,1,0.3898,0
92714.69,0.4557,0.53,10,0.1442,1,0.3707,0
32341.86,0.6482,0.1923,4,0.2439,0,0.6338,0
69518.81,0.578,0.2774,3,0.7805,1,0.9874,0
10135.16,0.3176,0.065,2,0.702,0,0.858,0
95806.75,0.2531,0.6426,15,0.4027,1,0.9751,0
98171.96,0.9879,0.6569,19,0.8181,0,0.9509,0
75212.09,0.2069,0.8385,13,0.7373,1,0.0741,0
49195.18,0.7903,0.8716,7,0.1009,1,0.2819,1
25899.38,0.1466,0.1601,19,0.5453,0,0.297,0
82189.05,0.8044,0.743,10,0.719,0,0.071,0
74953.64,0.1857,0.1347,11,0.7275,0,0.8467,0
26085.63,0.9672,0.3737,13,0.0822,1,0.8953,0
47865.45,0.686,0.5155,13,0.2022,1,0.605,1
48965.9,0.0901,0.0495,10,0.3717,1,0.891,0
83509.0,0.6932,0.1568,10,0.2265,0,0.7144,0
69965.25,0.6036,0.2711,6,0.098,1,0.4406,0
66100.92,0.3375,0.1275,14,0.5659,0,0.1499,0
66733.61,0.2607,0.9341,14,0.4567,1,0.9585,0
30694.66,0.7188,0.2883,9,0.1395,0,0.6923,0
40312.57,0.7414,0.5012,14,0.5277,1,0.3542,0
9337.92,0.3272,0.9965,2,0.0558,0,0.1286,0
79759.41,0.8762,0.5666,8,0.3447,1,0.799,1
46134.83,0.2688,0.4115,20,0.7133,0,0.802,0
46632.64,0.0699,0.9298,15,0.801,1,0.543,0
28308.85,0.5999,0.2225,15,0.2207,1,1.0,0
24895.59,0.1071,0.1795,18,0.7736,0,0.3864,0
60843.08,0.2767,0.5354,12,0.8026,1,0.9421,0
27092.54,0.5072,0.4273,13,0.5462,0,0.6303,0
11099.84,0.2864,0.797,10,0.884,0,0.7364,0
77913.2,0.215,0.042,17,0.2216,1,0.9171,0
40764.6,0.7032,0.6177,14,0.0621,0,0.8312,1
41122.38,0.547,0.7107,10,0.7591,0,0.2887,0
45975.24,0.8398,0.9719,2,0.4418,1,0.8672,1
82429.26,0.5812,0.1458,16,0.3118,0,0.5397,0
35479.51,0.4834,0.2462,6,0.0497,1,0.0448,0
77013.44,0.2613,0.9324,7,0.0582,0,0.6738,0
94256.76,0.7921,0.6306,2,0.0816,1,0.4997,1
67782.48,0.1969,0.038,4,0.1653,1,0.5366,0
46009.7,0.2422,0.0773,2,0.8734,1,0.4115,0
76040.02,0.8416,0.7854,2,0.2533,0,0.0641,0
48500.25,0.7412,0.5675,0,0.7353,0,0.1802,0
44370.59,0.6129,0.5654,6,0.0175,0,0.7565,1
54901.9,0.0389,0.8799,15,0.2896,1,0.2342,0
35183.62,0.1273,0.2411,18,0.8156,0,0.6277,0
14903.77,0.5,0.1604,4,0.1665,1,0.5419,0
44410.94,0.7463,0.6138,8,0.2556,0,0.2214,1
16766.4,0.4641,0.8824,17,0.7439,1,0.2806,0
43991.94,0.0173,0.2653,14,0.1093,1,0.3836,0
57908.7,0.1843,0.6813,18,0.0479,1,0.8802,1
93417.56,0.5888,0.1524,8,0.8694,0,0.9413,0
8441.12,0.6942,0.1719,3,0.3643,0,0.3868,0
64038.55,0.0334,0.9015,3,0.5921,0,0.0462,0
48484.84,0.0433,0.118,14,0.1144,0,0.6009,0
6924.81,0.2613,0.0243,0,0.1982,0,0.4176,0
28707.08,0.0835,0.7749,9,0.414,1,0.4923,0
16256.1,0.5419,0.3625,7,0.6076,1,0.442,0
25595.44,0.1237,0.3967,19,0.2639,0,0.6546,0
31084.17,0.6482,0.7999,20,0.7962,1,0.3044,0
43124.1,0.7772,0.1799,10,0.703,1,0.8926,0
55258.74,0.9705,0.6503,12,0.4964,1,0.4212,1
5094.05,0.9484,0.3135,7,0.4133,0,0.3417,0
20377.59,0.2734,0.1043,16,0.5576,0,0.9229,0
13888.81,0.0294,0.6875,6,0.6585,1,0.3581,0
57218.97,0.3294,0.3187,15,0.1215,1,0.0831,0
36262.11,0.7085,0.8666,18,0.7674,1,0.1553,0
57097.78,0.0598,0.919,3,0.4405,1,0.7143,0
26073.21,0.3597,0.8491,4,0.8418,0,0.5623,0
7301.79,0.298,0.3224,7,0.86,1,0.5346,0
94429.86,0.2193,0.2366,17,0.0276,0,0.082,0
15289.27,0.7061,0.8928,13,0.346,0,0.1641,0
17051.58,0.6591,0.4529,4,0.4736,1,0.3962,1
18921.95,0.5355,0.7077,7,0.4856,0,0.448,1
98221.27,0.9108,0.8272,13,0.7402,0,0.3766,0
63677.72,0.1031,0.2777,20,0.127,0,0.5027,1
62977.55,0.1497,0.1191,9,0.5602,0,0.7335,0
98736.33,0.3834,0.6248,1,0.8483,0,0.6357,0
13401.68,0.6559,0.5902,2,0.897,1,0.6113,0
97577.58,0.5841,0.2702,0,0.0091,1,0.5578,0
24381.25,0.074,0.5847,2,0.8753,0,0.2009,0
64191.79,0.9584,0.7904,8,0.11,0,0.6046,1
44907.94,0.3051,0.35,5,0.4833,1,0.1585,0
41475.42,0.359,0.2423,6,0.2217,1,0.7129,0
93468.12,0.6236,0.725,16,0.5458,0,0.4523,0
19176.63,0.9452,0.7859,10,0.0333,0,0.5815,1
99721.56,0.6627,0.9543,15,0.2145,0,0.8628,1
41016.88,0.9548,0.1476,11,0.2705,0,0.3731,1
66633.62,0.1876,0.8893,4,0.824,0,0.0998,0
96951.14,0.6188,0.7651,19,0.5253,0,0.8914,0
10472.1,0.8289,0.7019,10,0.6374,1,0.365,0
92672.11,0.509,0.3131,17,0.6084,1,0.4065,0
58942.08,0.3622,0.0222,2,0.3531,1,0.296,0
71917.7,0.9848,0.5076,17,0.0126,1,0.4202,1
19172.5,0.141,0.2858,15,0.0963,0,0.521,0
55671.81,0.4109,0.2898,5,0.4129,1,0.8433,0
68983.8,0.8734,0.9271,16,0.8472,0,0.7202,0
48343.49,0.9005,0.153,15,0.2239,0,0.5133,0
19723.59,0.9804,0.9342,18,0.6285,1,0.7638,0
28191.31,0.8848,0.5038,4,0.7439,1,0.8478,0
86167.32,0.051,0.8383,18,0.8161,1,0.0581,0
8274.74,0.9298,0.2836,16,0.2641,1,0.5922,0
72341.9,0.4282,0.6339,7,0.8382,0,0.0433,0
99942.05,0.6516,0.5566,7,0.5472,1,0.3081,0
5710.88,0.3943,0.9242,5,0.4576,0,0.7624,0
20299.34,0.8137,0.1793,10,0.7006,0,0.7913,0
69043.71,0.5759,0.2046,18,0.2148,0,0.8838,0
10699.13,0.8455,0.949,17,0.7313,1,0.4982,0
61030.05,0.1938,0.098,3,0.585,1,0.0841,0
69980.01,0.185,0.6347,2,0.7194,0,0.1268,0
60873.9,0.4404,0.0606,1,0.7701,1,0.2443,0
39692.55,0.0048,0.077,12,0.5556,1,0.3722,0
71241.82,0.6929,0.5971,6,0.0331,1,0.5266,1
61457.97,0.2961,0.5514,15,0.268,1,0.6459,0
24725.53,0.5573,0.573,15,0.7902,1,0.1625,0
58497.88,0.07,0.4737,4,0.5643,0,0.189,0
88781.19,0.1706,0.7424,14,0.8011,0,0.173,0
68349.16,0.6229,0.9922,16,0.3461,0,0.7549,1
49820.19,0.3057,0.2758,20,0.4543,1,0.3021,0
35550.49,0.2147,0.3234,15,0.7763,0,0.1667,0
13159.19,0.2288,0.323,7,0.6858,1,0.4314,0
28239.58,0.2148,0.7633,20,0.3398,0,0.2475,0
6062.74,0.6229,0.348,5,0.0204,0,0.3693,0
98729.46,0.1677,0.6767,16,0.7923,0,0.824,0
26135.81,0.3627,0.4459,7,0.7077,1,0.3339,0
82413.21,0.6879,0.6078,19,0.4042,1,0.1749,1
21021.26,0.5137,0.829,16,0.4916,0,0.2325,0
31942.11,0.5973,0.5141,12,0.1839,0,0.0344,1
44736.35,0.2509,0.4752,4,0.3709,1,0.9011,0
35818.54,0.9327,0.267,3,0.1469,0,0.697,0
80843.33,0.4139,0.5159,19,0.1895,1,0.4634,0
95980.87,0.287,0.2624,16,0.7617,0,0.5609,0
88152.98,0.9043,0.8436,10,0.3262,1,0.2541,1
19589.9,0.6553,0.3889,18,0.7333,1,0.4037,0
78785.42,0.6139,0.1291,16,0.4265,0,0.3198,0
19054.96,0.8867,0.24,8,0.0637,0,0.8245,0
91771.21,0.0585,0.5346,17,0.3254,1,0.7434,0
54198.46,0.8377,0.9163,16,0.1424,1,0.2839,1
36956.2,0.6779,0.3006,10,0.6242,0,0.7622,0
19917.42,0.36,0.2644,0,0.8203,0,0.0939,0
6121.86,0.2564,0.4066,15,0.6868,0,0.2026,0
28554.96,0.1048,0.9678,7,0.7006,0,0.1064,0
91831.91,0.9411,0.8452,7,0.7757,1,0.2382,0
80739.91,0.1419,0.1497,14,0.699,1,0.2262,0
97130.4,0.2594,0.6138,17,0.5117,0,0.9006,0
14572.34,0.6911,0.7919,1,0.6428,0,0.3274,0
61256.98,0.7102,0.768,17,0.3744,1,0.3552,1
29429.3,0.1608,0.4888,6,0.0637,1,0.0998,0
56579.46,0.8141,0.7318,11,0.635,0,0.066,1
35443.21,0.5103,0.5836,18,0.6495,0,0.2194,0
31929.23,0.8485,0.2014,4,0.2014,1,0.1345,0
59515.3,0.0873,0.0561,4,0.8585,1,0.3446,0
22415.23,0.0428,0.3695,20,0.0473,1,0.186,0
49567.68,0.637,0.0619,7,0.6624,1,0.1782,0
66827.17,0.15,0.395,19,0.8716,0,0.6475,0
17177.3,0.5249,0.8289,7,0.2782,1,0.9421,1
93406.46,0.0141,0.8443,13,0.8212,1,0.0125,0
53043.85,0.7799,0.0341,10,0.7438,0,0.7056,0
82855.16,0.8995,0.0695,20,0.6697,0,0.6592,0
67121.02,0.8389,0.6699,11,0.8584,0,0.5851,0
72450.09,0.9584,0.5,10,0.5887,1,0.6923,1
73032.44,0.9031,0.1494,9,0.4454,1,0.5087,1
88134.49,0.444,0.8055,7,0.6081,1,0.9269,0
63292.52,0.3983,0.2165,9,0.3706,0,0.1582,1
31430.63,0.8962,0.0781,9,0.2924,1,0.4736,0
14453.42,0.9269,0.7495,16,0.074,0,0.653,1
62593.81,0.9728,0.6081,0,0.3402,1,0.9087,1
11303.52,0.7683,0.3944,10,0.7229,0,0.4874,1
27922.88,0.202,0.6927,11,0.8509,1,0.977,0
10767.18,0.945,0.9114,15,0.8776,1,0.6565,0
57144.32,0.9471,0.0342,13,0.1859,1,0.6992,0
20232.12,0.6661,0.6277,9,0.5143,1,0.8182,0
62988.7,0.8573,0.2182,2,0.5182,1,0.7339,0
80132.19,0.5612,0.4741,7,0.1584,0,0.5226,0
83078.67,0.9441,0.424,5,0.5235,0,0.7726,0
34406.63,0.0939,0.39,4,0.3265,1,0.0357,0
57150.68,0.864,0.1904,15,0.8482,0,0.9328,0
58486.02,0.0555,0.8026,10,0.2297,1,0.8231,0
49924.28,0.3391,0.3795,16,0.7515,1,0.6377,0
67235.82,0.1353,0.8872,2,0.8072,1,0.0688,0
24958.28,0.4791,0.3547,20,0.6623,0,0.2949,1
98028.11,0.2322,0.8397,9,0.1932,1,0.2536,1
14317.58,0.9521,0.5445,5,0.2343,0,0.257,1
83776.01,0.5593,0.3856,7,0.874,0,0.6721,1
61439.12,0.8977,0.704,17,0.0682,1,0.8761,1
28261.2,0.2781,0.7867,14,0.1054,0,0.6816,0
75839.13,0.026,0.4827,3,0.8807,1,0.3888,0
13025.69,0.7757,0.4254,20,0.6992,1,0.9692,0
78569.69,0.7024,0.5774,2,0.6717,0,0.8626,1
61048.6,0.5455,0.5852,5,0.1442,0,0.6854,0
15521.28,0.8153,0.4255,15,0.44,0,0.3975,0
12553.03,0.8401,0.7577,11,0.7567,0,0.6838,0
76329.45,0.5879,0.3997,9,0.296,0,0.408,0
32828.91,0.9659,0.453,19,0.1735,1,0.1552,1
89483.68,0.7197,0.6053,16,0.0099,0,0.6188,1
77396.94,0.6769,0.9868,20,0.5603,1,0.6981,0
71328.07,0.3614,0.2607,5,0.2644,0,0.3493,0
31467.58,0.0023,0.232,17,0.7773,0,0.9293,1
72349.73,0.2409,0.1769,4,0.2552,1,0.8543,0
95074.03,0.7639,0.6894,16,0.1364,1,0.5829,1
13698.18,0.7099,0.4491,11,0.8644,0,0.0602,0
35985.45,0.331,0.3886,12,0.8683,1,0.0172,0
27293.87,0.6256,0.2041,2,0.6165,1,0.6399,0
42358.76,0.1953,0.8911,18,0.8355,0,0.8138,0
75521.6,0.2636,0.4432,5,0.1457,1,0.5004,1
50053.05,0.9474,0.6077,12,0.4143,0,0.0235,1
59219.41,0.4132,0.1125,3,0.1837,0,0.1448,0
34844.71,0.245,0.108,19,0.4309,1,0.2112,0
18422.48,0.4871,0.0674,6,0.7121,1,0.6278,0
30358.7,0.387,0.3673,16,0.7604,1,0.4861,0
86669.63,0.7295,0.4729,16,0.0037,0,0.1022,1
62229.61,0.9621,0.2446,11,0.3506,0,0.5017,0
40908.92,0.5917,0.3497,2,0.8947,1,0.8695,0
80041.07,0.5911,0.0063,5,0.5304,0,0.4391,1
11123.46,0.3648,0.3511,12,0.2666,1,0.1498,0
29119.65,0.5646,0.1192,11,0.3501,1,0.578,0
26859.8,0.3193,0.1284,12,0.2903,1,0.9294,0
98609.63,0.0011,0.0045,5,0.4028,1,0.1159,1
72079.37,0.8661,0.6964,11,0.4,0,0.1564,1
63689.66,0.4294,0.9313,1,0.4562,1,0.5668,0
5473.57,0.4921,0.6215,10,0.4181,0,0.34,0
22509.45,0.0835,0.0962,1,0.4645,0,0.8956,0
65376.42,0.8371,0.9896,13,0.0252,0,0.7128,1
41073.34,0.1703,0.9756,11,0.049,1,0.1471,0
92806.64,0.4106,0.4682,17,0.334,1,0.8707,0
77648.8,0.8403,0.1079,9,0.7964,1,0.6423,1
47501.49,0.4578,0.7207,3,0.7117,0,0.4936,0
76203.92,0.9312,0.9615,4,0.0991,1,0.2565,1
97663.41,0.2093,0.7787,17,0.4453,1,0.6497,0
48793.18,0.7152,0.6242,20,0.5441,1,0.8985,1
66039.96,0.978,0.6108,1,0.4331,0,0.0385,1
92273.14,0.5496,0.9779,14,0.6278,0,0.3752,0
28624.09,0.6922,0.0731,10,0.8975,0,0.9357,0
89223.0,0.3932,0.1496,5,0.0868,1,0.3829,0
14266.75,0.7513,0.8308,10,0.464,0,0.0359,1
66602.58,0.9089,0.1451,19,0.4611,0,0.1014,0
79369.62,0.7031,0.3833,4,0.5061,0,0.6908,1
63387.59,0.9359,0.2815,17,0.1503,0,0.7001,0
52075.81,0.5887,0.2434,1,0.5745,1,0.115,0
63647.97,0.5771,0.0257,15,0.0399,1,0.2192,0
19408.05,0.3046,0.5663,1,0.667,0,0.5639,0
25479.22,0.7096,0.4012,1,0.5968,0,0.6865,1
30640.44,0.882,0.5516,0,0.2974,0,0.1568,1
61789.04,0.6463,0.3045,16,0.8901,0,0.4564,0
46980.6,0.233,0.9415,12,0.7459,1,0.562,0
28225.21,0.5441,0.5913,14,0.4856,0,0.0497,0
88866.89,0.7559,0.9612,3,0.8915,0,0.2238,0
40522.57,0.9394,0.35,19,0.7471,1,0.9189,0
47373.01,0.1566,0.0023,16,0.1242,1,0.88,1
43921.6,0.1275,0.7813,10,0.532,0,0.3225,0
22284.58,0.4129,0.8274,18,0.5228,1,0.868,0
74504.57,0.1256,0.0587,3,0.5877,1,0.6326,0
47603.53,0.9804,0.6254,6,0.8467,1,0.9816,0
6544.43,0.4243,0.661,1,0.4428,0,0.9662,1
96581.3,0.5336,0.1457,3,0.0696,0,0.6169,0
82497.54,0.2271,0.5525,17,0.4314,0,0.4678,0
73738.14,0.4491,0.2432,8,0.709,0,0.1423,0
87563.73,0.9847,0.0165,13,0.3227,0,0.5304,0
91146.69,0.4887,0.8669,18,0.0244,1,0.3983,0
37061.52,0.0088,0.4917,16,0.2729,0,0.6456,0
63041.07,0.2425,0.7817,8,0.6139,1,0.0895,0
62836.74,0.9785,0.7229,7,0.0774,1,0.8349,1
30393.47,0.9891,0.9937,2,0.3384,0,0.9671,1
26085.46,0.2105,0.438,17,0.1198,0,0.2094,0
15821.19,0.6153,0.4276,20,0.4283,0,0.6328,0
67634.85,0.0769,0.2818,10,0.1274,0,0.8019,0
79187.3,0.5774,0.6251,10,0.0981,0,0.5544,1
77290.53,0.1259,0.4861,17,0.628,0,0.9354,0
35046.16,0.8187,0.7288,7,0.1422,1,0.5119,1
24499.69,0.9396,0.3565,8,0.1393,0,0.2705,0
48093.35,0.173,0.1308,18,0.5333,0,0.4716,0
56947.28,0.4627,0.8624,7,0.0392,0,0.4879,0
92313.28,0.102,0.828,19,0.0297,1,0.2537,0
88108.2,0.3391,0.351,3,0.3883,1,0.787,0
92025.54,0.0651,0.6904,10,0.3286,0,0.6177,1
85774.93,0.2645,0.4924,10,0.4902,1,0.3704,0
96635.21,0.9902,0.761,6,0.8941,1,0.4217,0
49222.5,0.0446,0.3901,20,0.3912,0,0.3717,1
9509.98,0.859,0.5356,10,0.5185,0,0.4479,0
12938.39,0.0775,0.0578,18,0.8273,0,0.5281,0
42076.23,0.529,0.1749,4,0.4349,0,0.3309,0
29480.27,0.4521,0.7818,7,0.703,1,0.8182,0
21144.36,0.9316,0.3816,10,0.4938,0,0.9284,1
95554.36,0.199,0.0351,11,0.5735,0,0.5228,0
23564.86,0.1797,0.1676,4,0.8393,0,0.7114,0
96141.03,0.7487,0.4116,6,0.0006,0,0.9305,0
77279.69,0.7257,0.7179,13,0.8108,1,0.1919,0
65889.84,0.6992,0.3635,5,0.4479,0,0.1897,0
69221.8,0.0261,0.7452,15,0.5461,0,0.0726,0
36490.06,0.26,0.8581,10,0.4051,1,0.4421,1
66410.57,0.8399,0.3411,20,0.2348,0,0.3311,0
22735.75,0.6009,0.8004,4,0.0594,0,0.5605,1
94082.02,0.6022,0.1269,17,0.8506,1,0.4511,1
33670.37,0.2959,0.4153,10,0.5615,0,0.1902,0
29242.72,0.2602,0.0976,1,0.7861,0,0.3912,0
72560.47,0.9466,0.0525,14,0.2617,0,0.0289,0
67362.63,0.7278,0.0645,4,0.2502,0,0.5374,0
47873.4,0.1269,0.1048,2,0.3022,0,0.2711,0
65082.39,0.9377,0.8357,11,0.2079,0,0.1124,1
20151.84,0.5824,0.5437,16,0.4482,1,0.0659,1
68966.19,0.3334,0.9474,5,0.8426,0,0.7144,0
30708.02,0.3971,0.538,13,0.7885,0,0.2473,0
30919.42,0.7254,0.6287,0,0.4456,1,0.6588,1
20407.09,0.3763,0.1845,3,0.3139,0,0.8155,0
36575.83,0.5787,0.5406,15,0.5505,0,0.5,0
36468.85,0.7105,0.3853,0,0.551,0,0.1331,0
48147.01,0.1954,0.9314,7,0.6154,1,0.6145,0
23089.85,0.9442,0.9339,10,0.482,1,0.0716,1
23335.72,0.3562,0.1985,1,0.0241,0,0.8171,0
56465.16,0.4194,0.6201,20,0.0684,0,0.7615,0
17243.35,0.6985,0.6382,10,0.8764,0,0.4021,0
70445.22,0.6088,0.5625,7,0.6716,0,0.2691,1
94674.98,0.4401,0.1243,20,0.8534,1,0.7096,0
45545.58,0.6497,0.654,11,0.3056,1,0.5672,1
90605.0,0.9028,0.7991,14,0.4815,1,0.1451,1
14340.08,0.8003,0.3452,1,0.2898,0,0.7592,0
9080.97,0.8243,0.5146,3,0.818,1,0.334,0
73530.04,0.2584,0.1163,0,0.259,1,0.8938,0
77297.05,0.4194,0.9307,10,0.6244,0,0.8295,0
85090.53,0.5538,0.1095,17,0.1576,1,0.2758,0
10397.68,0.0442,0.2084,18,0.0947,0,0.2553,0
78806.17,0.7698,0.2985,12,0.1401,1,0.3979,0
40771.18,0.3235,0.8258,1,0.4765,1,0.8045,0
33817.08,0.2826,0.7007,13,0.7601,1,0.1307,0
21437.27,0.2593,0.007,13,0.8994,1,0.3161,0
99621.5,0.2834,0.1836,12,0.5604,1,0.6591,0
11048.04,0.338,0.7502,15,0.4802,0,0.0335,0
83565.76,0.6048,0.4038,11,0.7082,1,0.0559,0
65751.97,0.5836,0.0262,14,0.0574,0,0.7622,0
74832.64,0.2557,0.9639,10,0.7285,1,0.5223,0
72613.13,0.2064,0.1512,3,0.6825,1,0.5576,0
86551.28,0.8264,0.5105,1,0.4766,1,0.2489,1
22460.25,0.0927,0.2483,19,0.0207,0,0.5318,0
5078.34,0.5128,0.7375,9,0.182,0,0.545,0
61860.21,0.5206,0.7767,6,0.3327,1,0.4138,0
38616.57,0.5741,0.3972,6,0.8471,1,0.9644,0
16759.8,0.8857,0.6584,1,0.5746,1,0.0493,0
22683.18,0.6239,0.9091,19,0.4591,1,0.4149,0
36516.18,0.9736,0.8148,1,0.4396,0,0.8575,1
11672.17,0.8714,0.4149,4,0.702,1,0.2063,0
10406.75,0.2147,0.4415,9,0.2913,0,0.935,0
92022.49,0.2412,0.8869,7,0.0851,1,0.4255,0
34649.76,0.3448,0.0344,0,0.6093,1,0.1566,0
98311.92,0.3915,0.0228,6,0.2961,1,0.0931,0
96614.87,0.553,0.2058,16,0.293,1,0.3271,0
18544.27,0.2325,0.8276,5,0.4092,1,0.9197,0
72917.81,0.2223,0.1532,18,0.2185,1,0.9391,0
62076.46,0.3814,0.2853,7,0.8295,1,0.5633,0
70611.47,0.672,0.6291,0,0.7623,1,0.1182,0
14138.15,0.6881,0.1842,2,0.892,0,0.4566,0
22913.21,0.9761,0.3031,17,0.8681,0,0.4178,0
12280.67,0.2024,0.4669,8,0.283,1,0.2311,0
62392.75,0.3929,0.2281,20,0.3425,0,0.076,0
98726.15,0.9647,0.9924,16,0.6284,0,0.3816,0
68838.53,0.69,0.1634,0,0.0143,1,0.3719,1
72522.35,0.5923,0.8499,6,0.8945,0,0.704,0
98535.58,0.5396,0.4701,15,0.0098,0,0.3942,0
69411.1,0.0755,0.1291,1,0.4783,0,0.0131,0
8817.25,0.8934,0.1185,20,0.6018,1,0.02,0
87365.53,0.6255,0.5003,3,0.8227,1,0.6875,0
39644.44,0.5717,0.3535,16,0.5797,0,0.6608,0
5414.54,0.5395,0.2346,17,0.5373,1,0.1604,1
53187.25,0.3919,0.9589,10,0.2703,0,0.8662,0
94016.43,0.2547,0.4634,16,0.5318,1,0.6626,0
29446.42,0.7553,0.9288,18,0.6747,0,0.1541,0
51693.75,0.5096,0.164,15,0.464,0,0.2876,0
21508.8,0.0339,0.1835,14,0.7017,1,0.9737,0
10480.8,0.3991,0.596,8,0.0627,1,0.4077,0
12651.77,0.9286,0.2699,6,0.3018,1,0.2368,1
74066.04,0.3739,0.1849,18,0.8638,1,0.5241,1
87087.07,0.4132,0.0947,4,0.2911,1,0.2056,0
18613.39,0.624,0.0763,8,0.5597,0,0.7917,0
32390.26,0.8017,0.7532,10,0.4679,0,0.7943,1
23527.8,0.6685,0.2822,8,0.843,1,0.8008,0
7551.3,0.8501,0.9784,7,0.1465,1,0.6173,1
57575.98,0.114,0.1831,12,0.2694,1,0.694,0
71492.61,0.9246,0.3544,6,0.7761,1,0.3214,1
66548.36,0.9039,0.3749,20,0.5996,1,0.8789,0
41865.09,0.5191,0.5002,3,0.4887,0,0.1442,0
57725.97,0.6247,0.8706,8,0.3554,1,0.2545,1
13939.43,0.2128,0.8348,17,0.3702,1,0.9927,0
19658.85,0.4479,0.01,9,0.8414,0,0.9604,0
93520.49,0.2027,0.4093,14,0.604,1,0.5076,0
77343.24,0.022,0.8279,13,0.8362,0,0.4991,0
92660.21,0.9809,0.0002,6,0.875,0,0.1168,0
92084.63,0.2591,0.5336,15,0.4923,0,0.6597,0
66692.3,0.5931,0.2595,4,0.5489,0,0.031,0
93182.67,0.3003,0.4128,15,0.5907,0,0.3143,0
44586.89,0.3706,0.4203,2,0.7553,1,0.4184,0
5343.54,0.3978,0.3918,14,0.5932,1,0.894,0
10944.26,0.335,0.892,2,0.1032,0,0.9685,1
15401.3,0.6374,0.5365,18,0.8482,0,0.974,0
14058.58,0.9609,0.9037,13,0.5948,1,0.7988,0
38411.73,0.4286,0.7267,0,0.7829,0,0.29,1
71620.73,0.9733,0.3511,2,0.3823,1,0.0454,0
80111.64,0.6678,0.4936,3,0.4272,0,0.4256,1
61070.26,0.6071,0.3899,20,0.62,0,0.2974,0
18911.44,0.2371,0.8286,12,0.6988,0,0.6552,0
76050.65,0.0629,0.1876,5,0.0706,0,0.3711,0
38706.18,0.8519,0.9364,5,0.3666,1,0.8908,1
6234.37,0.574,0.5804,0,0.6929,1,0.374,0
31655.92,0.4144,0.6118,4,0.893,1,0.378,0
36407.05,0.812,0.5168,17,0.0105,0,0.7591,1
31053.33,0.3106,0.5545,12,0.2383,0,0.59,0
82127.66,0.7836,0.6677,7,0.4184,0,0.2553,1
77193.01,0.328,0.655,0,0.2006,1,0.6767,0
71077.44,0.9209,0.2141,7,0.0242,0,0.563,0
18205.48,0.268,0.5824,8,0.4856,1,0.1041,0
81744.22,0.1376,0.3546,2,0.5845,1,0.4673,0
69331.72,0.6981,0.637,12,0.3745,0,0.9187,1
23509.58,0.1628,0.5478,13,0.3329,0,0.2118,0
66568.92,0.9494,0.1797,20,0.887,0,0.4146,0
50933.61,0.6556,0.7347,7,0.4298,0,0.2759,0
46738.26,0.2309,0.457,5,0.7183,1,0.5369,0
15651.7,0.2088,0.5514,17,0.2585,1,0.9751,0
54238.91,0.9239,0.6726,7,0.7472,1,0.3099,0
14493.52,0.6079,0.6529,13,0.7413,0,0.8328,0
20604.07,0.8937,0.7489,15,0.2409,1,0.8383,1
17591.9,0.1102,0.2068,18,0.5903,1,0.2594,0
95640.29,0.9254,0.1104,6,0.6138,1,0.7726,1
32062.15,0.52,0.6692,13,0.3984,0,0.9881,0
38744.41,0.6684,0.236,2,0.6964,0,0.954,0
35597.66,0.3729,0.1146,16,0.2762,1,0.6057,0
90333.79,0.0591,0.1312,0,0.4358,0,0.1517,0
58481.76,0.958,0.3128,14,0.8911,0,0.1193,0
92320.19,0.9946,0.9918,4,0.1608,0,0.2668,1
33492.87,0.3645,0.1573,9,0.133,0,0.6013,0
15909.29,0.9439,0.2985,1,0.128,1,0.3862,0
57840.75,0.1677,0.9207,14,0.8983,0,0.699,0
37826.01,0.1547,0.9633,10,0.1439,1,0.7878,0
81181.15,0.0731,0.2288,13,0.1712,1,0.1804,0
88545.22,0.3913,0.8805,7,0.6253,0,0.9053,0
49894.48,0.0523,0.1389,0,0.6835,1,0.0606,0
97279.11,0.3947,0.7615,12,0.4744,0,0.2649,0
57536.24,0.1384,0.013,14,0.8844,0,0.8148,0
30737.44,0.7305,0.4066,13,0.035,1,0.1837,1
51452.67,0.8334,0.2473,5,0.5587,0,0.2201,0
8544.48,0.6878,0.704,15,0.5458,0,0.9757,0
81380.11,0.2005,0.0161,11,0.2891,0,0.9124,0
14636.33,0.7668,0.4649,4,0.8095,1,0.8128,0
34331.11,0.2495,0.6967,2,0.4976,0,0.1738,1
58705.07,0.7595,0.0467,6,0.2217,0,0.2551,0
9082.64,0.5674,0.8974,0,0.0795,0,0.2352,1
12535.11,0.3667,0.3612,15,0.0964,1,0.1891,0
71131.05,0.0835,0.1653,0,0.8076,1,0.9704,0
11818.82,0.8275,0.2255,1,0.2253,1,0.166,0
50322.87,0.9397,0.3389,3,0.8163,0,0.7467,1
37176.09,0.6659,0.1984,6,0.1081,0,0.051,0
26667.54,0.9645,0.5106,0,0.8855,1,0.5438,0
22934.0,0.9341,0.6329,13,0.75,1,0.0708,1
77524.07,0.1946,0.4334,2,0.1046,0,0.0618,0
95396.51,0.7312,0.427,16,0.0775,0,0.2302,0
18317.08,0.3493,0.7817,11,0.7231,1,0.9256,0
96169.72,0.4875,0.301,1,0.0703,1,0.6388,0
61502.44,0.157,0.6228,8,0.236,0,0.6514,0
65957.74,0.9748,0.8929,2,0.7211,0,0.2977,0
72443.01,0.7261,0.2215,20,0.8168,0,0.7236,1
71891.29,0.2669,0.6199,12,0.6909,0,0.6816,0
82882.06,0.3715,0.948,16,0.8009,1,0.4617,0
50929.52,0.4225,0.5298,7,0.5039,1,0.6826,0
55669.07,0.7475,0.9769,3,0.7017,0,0.8671,0
35763.57,0.9257,0.31,4,0.3098,1,0.9604,0
14999.47,0.3214,0.5643,8,0.7067,1,0.9966,0
68140.82,0.4725,0.311,16,0.6118,1,0.4883,1
8192.95,0.5932,0.0037,9,0.5173,1,0.0328,0
31185.33,0.3933,0.9973,19,0.8931,1,0.2292,0
13951.84,0.5042,0.2401,7,0.4228,1,0.1968,0
23119.08,0.1057,0.9731,4,0.5573,1,0.3005,0
65679.44,0.1677,0.653,10,0.4589,1,0.3605,0
64705.28,0.4011,0.9039,2,0.2345,0,0.6687,0
45000.22,0.9149,0.9672,14,0.2973,0,0.5257,1
13566.34,0.3494,0.5678,2,0.8809,1,0.6497,0
46170.52,0.2498,0.9997,13,0.3529,0,0.9718,0
38510.76,0.7429,0.7673,8,0.6115,0,0.0491,0
73443.62,0.9491,0.5238,7,0.5104,1,0.0144,0
60007.53,0.4591,0.6549,12,0.8008,1,0.6655,0
51698.75,0.0086,0.1943,14,0.6819,0,0.5463,0
51263.3,0.6881,0.011,19,0.0726,0,0.4827,0
96798.2,0.4151,0.2568,6,0.3199,1,0.8533,0
76847.95,0.6736,0.435,17,0.6407,0,0.1589,1
52213.06,0.2777,0.2281,17,0.1452,0,0.5736,0
50526.15,0.0024,0.514,20,0.4531,0,0.9319,0
7515.51,0.3445,0.6579,20,0.286,1,0.4459,0
94538.38,0.7048,0.6558,16,0.0583,0,0.5799,1
35321.53,0.3931,0.8938,6,0.8974,0,0.07,0
29314.21,0.2192,0.9663,14,0.8364,0,0.3492,0
99943.85,0.464,0.8907,16,0.6728,0,0.0414,0
73275.52,0.7523,0.6202,6,0.1809,1,0.5724,1
9499.56,0.1194,0.2058,17,0.8897,1,0.5905,0
10879.12,0.6918,0.9435,14,0.5677,0,0.9508,0
7422.65,0.6673,0.1749,10,0.8695,1,0.6384,0
61963.8,0.3707,0.1514,18,0.0383,1,0.003,0
11798.63,0.9703,0.3176,1,0.1561,0,0.8332,0
93671.89,0.8947,0.5736,14,0.6095,1,0.3297,0
94006.12,0.3162,0.6815,16,0.8165,0,0.7143,0
56875.14,0.0311,0.0133,0,0.1582,0,0.264,0
63580.7,0.3083,0.778,8,0.2854,1,0.7602,0
32729.97,0.2047,0.175,10,0.5294,1,0.9275,0
11077.39,0.5473,0.2965,4,0.8997,0,0.0793,0
75058.74,0.9187,0.3221,18,0.7197,1,0.5444,0
14669.67,0.8703,0.3324,13,0.8312,1,0.5404,0
13127.98,0.3058,0.7604,5,0.6075,0,0.2864,0
34566.2,0.4286,0.0409,9,0.7896,1,0.3417,0
6184.24,0.0365,0.1965,2,0.4563,1,0.6762,0
46233.38,0.5442,0.0223,1,0.1117,0,0.2926,1
72229.69,0.0634,0.7783,15,0.6386,0,0.0306,0
81128.15,0.9386,0.9837,20,0.5413,0,0.7692,0
62409.19,0.8669,0.6595,5,0.4368,1,0.6252,1
85453.05,0.2142,0.5901,5,0.2475,0,0.2505,0
43617.71,0.6994,0.9081,14,0.7058,0,0.9615,0
85633.35,0.568,0.255,10,0.7384,0,0.8984,0
53114.96,0.8014,0.0665,2,0.3278,0,0.9644,0
26188.43,0.4757,0.51,14,0.835,1,0.5122,0
94693.84,0.1918,0.2603,4,0.3328,1,0.2352,0
31122.23,0.6398,0.4511,2,0.0968,0,0.1738,1
7489.14,0.0803,0.4563,9,0.1499,1,0.9485,0
28054.03,0.5846,0.3188,15,0.4451,1,0.8908,0
39835.32,0.2127,0.4863,10,0.0719,1,0.7409,0
38378.22,0.6849,0.3802,13,0.6466,1,0.5105,0
54843.41,0.828,0.1131,4,0.7156,0,0.3844,0
88897.05,0.1095,0.8667,10,0.4945,0,0.7034,0
32772.13,0.4003,0.7013,14,0.804,1,0.0095,0
54473.21,0.7335,0.0413,11,0.8589,1,0.5243,0
37313.2,0.1637,0.1158,5,0.4028,0,0.6787,0
83068.44,0.5665,0.0965,20,0.0802,0,0.7538,1
19972.14,0.6718,0.0617,1,0.2081,0,0.4511,1
14833.48,0.3548,0.0591,19,0.5919,0,0.7451,0
52784.55,0.832,0.1571,15,0.3652,1,0.0958,0
68829.32,0.5107,0.8479,2,0.6165,1,0.2333,0
80574.89,0.627,0.8282,5,0.6001,0,0.1446,0
61014.36,0.1409,0.7831,7,0.5448,0,0.3398,0
78515.73,0.0232,0.6147,20,0.142,0,0.3442,0
42307.46,0.0507,0.7235,10,0.2573,0,0.3739,1
8122.43,0.9039,0.7385,5,0.3401,0,0.4658,1
16029.43,0.8826,0.8893,19,0.742,0,0.4363,0
8678.65,0.8076,0.7323,2,0.614,1,0.4905,1
36249.65,0.1996,0.7365,17,0.5804,0,0.7526,0
52071.68,0.5255,0.8041,17,0.6049,0,0.142,0
38850.16,0.7961,0.5564,8,0.4529,1,0.3507,1
58256.95,0.6747,0.213,0,0.0357,0,0.0001,0
50657.87,0.1155,0.0845,18,0.181,1,0.0282,0
69404.57,0.8955,0.419,20,0.1263,0,0.6064,0
68361.41,0.1607,0.0917,7,0.0576,1,0.876,1
35216.09,0.1718,0.1693,3,0.2875,1,0.3059,0
37890.37,0.901,0.0238,5,0.709,1,0.4019,0
60589.04,0.4846,0.3002,2,0.1036,1,0.2099,1
61661.08,0.3729,0.97,12,0.1003,1,0.1428,1
34896.49,0.5537,0.3789,10,0.1118,1,0.8841,0
36380.2,0.9814,0.2409,7,0.2428,0,0.5721,0
70934.28,0.1196,0.4034,13,0.182,1,0.7049,0
66504.03,0.7569,0.3013,13,0.0126,1,0.8819,0
17829.83,0.3343,0.6739,0,0.2489,0,0.5884,0
46898.98,0.117,0.6345,8,0.8967,0,0.1803,1
89807.08,0.4219,0.0273,18,0.3028,1,0.7133,0
8449.04,0.5488,0.5113,16,0.1901,0,0.7478,0
86240.57,0.206,0.0362,17,0.4461,0,0.4139,0
20501.92,0.4053,0.6774,20,0.2064,1,0.6168,0
53188.62,0.6357,0.9358,1,0.5037,1,0.4845,0
45311.96,0.5764,0.9075,5,0.3606,1,0.333,1
5962.29,0.7232,0.2057,9,0.8072,1,0.6724,0
91962.71,0.8364,0.7426,10,0.8351,1,0.2475,0
48217.9,0.4091,0.7931,16,0.6418,1,0.3275,0
95655.49,0.423,0.8644,15,0.1941,0,0.4057,0
32240.67,0.4967,0.2596,14,0.4265,0,0.6146,1
87296.2,0.5664,0.4508,3,0.2749,1,0.8522,1
92627.01,0.1083,0.2215,14,0.7184,0,0.6149,0
57899.08,0.3126,0.0243,16,0.0263,0,0.7261,0
24254.39,0.1719,0.659,15,0.5962,1,0.2927,0
70098.51,0.3859,0.4315,12,0.2909,0,0.5874,0
57152.92,0.9734,0.2481,1,0.4329,0,0.1039,0
94730.32,0.5827,0.8471,3,0.2907,1,0.4633,1
46730.85,0.4294,0.4957,15,0.3283,0,0.6899,0
30508.8,0.5659,0.9947,18,0.6069,0,0.1797,0
18137.27,0.6691,0.7934,17,0.5359,1,0.9021,0
71370.19,0.435,0.8692,8,0.2197,1,0.4172,0
97540.41,0.4477,0.7733,12,0.0393,0,0.6711,0
7692.66,0.7014,0.1059,3,0.7704,1,0.4699,0
75342.31,0.0609,0.065,12,0.4431,0,0.7323,1
93058.38,0.5401,0.9151,4,0.5569,1,0.5843,0
12104.25,0.5473,0.1382,16,0.4396,1,0.1226,0
15466.15,0.7568,0.3912,16,0.557,0,0.9247,0
70735.92,0.9826,0.6099,1,0.5643,1,0.6601,0
66556.52,0.7958,0.2119,19,0.0135,0,0.4721,1
11538.6,0.5038,0.2253,16,0.4799,0,0.6766,0
84270.16,0.1695,0.4662,7,0.4519,1,0.2609,0
54725.27,0.5883,0.3609,9,0.0862,0,0.769,0
91183.75,0.8343,0.6766,1,0.6713,1,0.4112,0
88409.13,0.9324,0.0751,19,0.2123,1,0.805,1
82188.24,0.8253,0.4888,2,0.0491,0,0.2741,1
54010.4,0.189,0.1743,19,0.7228,0,0.7903,0
28912.51,0.7126,0.6067,13,0.7786,0,0.9067,1
53067.67,0.8802,0.1162,19,0.2166,1,0.9808,0
14577.08,0.681,0.1976,7,0.6188,0,0.7767,0
67590.38,0.6858,0.8039,18,0.0045,0,0.704,1
17727.84,0.5002,0.2352,8,0.649,1,0.5199,0
53561.43,0.637,0.7371,7,0.4183,1,0.1057,1
10166.29,0.2944,0.2731,7,0.7132,0,0.5599,0
33453.69,0.0888,0.235,19,0.3537,0,0.5633,0
27047.64,0.8277,0.2992,9,0.316,1,0.0647,0
63903.0,0.9431,0.8809,10,0.7567,1,0.6906,0
79744.74,0.8568,0.3972,13,0.0348,0,0.1489,0
10443.78,0.3339,0.2438,11,0.1684,1,0.5966,0
85776.95,0.0935,0.5366,11,0.3709,0,0.4726,0
86772.93,0.2801,0.3856,7,0.5367,1,0.8751,0
37515.56,0.8428,0.7902,3,0.0046,1,0.2322,1
67605.39,0.6558,0.9904,20,0.5176,0,0.1712,0
43248.24,0.9667,0.5266,10,0.3406,1,0.5512,1
19648.13,0.3427,0.4517,20,0.567,1,0.4602,0
55222.93,0.5515,0.343,9,0.8163,0,0.1613,0
13204.17,0.79,0.9733,12,0.3968,0,0.6137,1
88454.85,0.234,0.4833,11,0.4991,0,0.9058,0
92807.53,0.9641,0.178,20,0.4165,0,0.7403,0
83053.25,0.5924,0.9692,2,0.1067,1,0.2096,1
58440.17,0.0079,0.9609,10,0.7138,0,0.2384,1
57971.87,0.0252,0.4357,3,0.7967,0,0.5576,0
98537.7,0.8822,0.3482,18,0.7303,1,0.6775,0
28550.66,0.6453,0.6804,11,0.8528,0,0.979,0
12215.09,0.7631,0.8289,19,0.4212,0,0.1048,1
58384.39,0.784,0.4985,5,0.5871,1,0.5463,0
36234.63,0.4205,0.3308,3,0.1515,1,0.9874,0
35622.18,0.7986,0.3014,13,0.8791,0,0.1109,0
5673.11,0.9375,0.3266,3,0.5225,1,0.9726,0
61642.74,0.1722,0.118,7,0.2355,1,0.4622,0
30083.2,0.7641,0.7786,6,0.7248,1,0.7174,0
22846.56,0.3078,0.105,4,0.5278,0,0.4253,0
8841.03,0.3215,0.3983,2,0.8547,1,0.841,0
39614.35,0.4128,0.8349,13,0.693,1,0.9085,0
88502.04,0.8637,0.4041,15,0.7895,1,0.1667,0
36983.73,0.0221,0.2948,8,0.492,1,0.7472,0
69512.05,0.4339,0.9483,5,0.4656,1,0.0207,0
76871.96,0.68,0.1265,3,0.6816,1,0.2769,0
36169.58,0.1104,0.8849,14,0.0945,0,0.5523,0
83055.87,0.7923,0.0621,16,0.0486,1,0.6032,0
70728.57,0.9419,0.4135,11,0.8853,0,0.3653,0
58128.01,0.0909,0.6317,9,0.8247,1,0.2704,1
5094.28,0.1529,0.37,13,0.8601,0,0.1717,0
8333.62,0.9741,0.5346,19,0.0561,0,0.2397,1
99132.26,0.1979,0.204,20,0.2424,1,0.1302,0
79316.97,0.0789,0.569,4,0.8114,0,0.2612,0
94068.7,0.9522,0.1346,10,0.0805,1,0.8213,1
90718.8,0.8926,0.7961,18,0.4063,0,0.2875,1
6942.08,0.6557,0.5838,13,0.3072,1,0.9077,0
80225.49,0.5514,0.4819,17,0.7919,1,0.2452,0
47858.85,0.9192,0.0547,20,0.4663,0,0.492,0
80008.03,0.6555,0.4998,2,0.2613,0,0.1676,1
5638.0,0.6584,0.5636,12,0.4719,0,0.0171,0
32378.93,0.8437,0.2657,11,0.1012,0,0.6255,0
76375.76,0.6532,0.6776,5,0.6581,1,0.3378,1
80336.97,0.5037,0.0768,13,0.5565,1,0.3451,0
63872.89,0.3897,0.2087,2,0.5406,0,0.4078,0
33619.34,0.5031,0.7375,10,0.3941,1,0.7778,0
34484.45,0.5225,0.1472,8,0.2648,1,0.3997,0
96842.58,0.3608,0.2455,8,0.0588,0,0.0864,0
46725.16,0.4481,0.6509,12,0.8523,0,0.2788,0
47476.93,0.8019,0.7288,19,0.3749,0,0.5761,1
57471.61,0.4165,0.0515,19,0.4463,1,0.9935,0
43902.72,0.0256,0.1266,14,0.3382,1,0.1431,0
57503.8,0.283,0.4461,6,0.8891,0,0.3235,0
46071.87,0.2317,0.5928,20,0.7166,1,0.4856,0
83537.92,0.7936,0.4538,20,0.0862,0,0.9446,1
91359.85,0.4493,0.6471,17,0.5474,1,0.1084,0
93550.47,0.2803,0.756,18,0.4362,0,0.7938,0
58608.14,0.8107,0.9495,17,0.714,0,0.723,0
47004.11,0.0192,0.3499,15,0.8976,1,0.3064,0
71997.81,0.1743,0.1631,15,0.6699,1,0.7738,0
84640.74,0.827,0.2641,13,0.7784,1,0.5749,0
58483.31,0.5507,0.1482,13,0.4524,0,0.1714,0
71498.2,0.7736,0.3942,8,0.3362,1,0.2857,0
76224.29,0.8382,0.8726,18,0.579,0,0.3283,0
69257.41,0.942,0.3471,13,0.6745,0,0.323,0
75882.69,0.0634,0.1488,12,0.2048,0,0.7464,0
24821.31,0.7992,0.5226,15,0.453,1,0.6603,1
52345.58,0.7088,0.9919,1,0.1024,0,0.8199,1
60885.51,0.207,0.1882,19,0.1947,0,0.5108,0
5235.4,0.9317,0.7779,12,0.7937,1,0.3505,1
86316.44,0.4042,0.8234,19,0.1303,0,0.0678,0
62952.33,0.8876,0.4013,2,0.7302,1,0.7944,0
17267.95,0.6051,0.6196,4,0.3353,1,0.0748,1
82553.92,0.5267,0.4324,19,0.5972,1,0.3015,0
73120.41,0.1595,0.2623,14,0.8193,1,0.6689,1
77038.46,0.9143,0.4261,13,0.7028,1,0.7642,0
42244.03,0.5567,0.0953,8,0.7433,0,0.0685,0
86149.24,0.0061,0.707,11,0.235,0,0.6076,0
44332.62,0.0183,0.8292,11,0.3255,1,0.1371,0
59198.37,0.7776,0.3074,4,0.6595,1,0.7572,0
5061.02,0.1619,0.5665,11,0.6995,1,0.7299,0
66262.95,0.5987,0.2321,10,0.711,1,0.7481,0
73226.7,0.6811,0.1275,6,0.6661,1,0.0638,0
58875.39,0.2794,0.6636,7,0.2085,1,0.5594,0
52173.09,0.5693,0.1341,16,0.2602,0,0.2408,0
81943.97,0.2403,0.782,14,0.8478,0,0.4958,0
69730.41,0.9463,0.2718,9,0.4985,0,0.9894,0
31417.03,0.8602,0.8185,12,0.679,1,0.0905,0
96111.97,0.288,0.3685,5,0.5393,1,0.5941,0
72190.38,0.5288,0.3688,10,0.8321,1,0.165,0
98854.2,0.5006,0.7506,11,0.7819,1,0.5101,0
97269.83,0.96,0.5103,5,0.2352,0,0.5209,1
92296.42,0.394,0.201,3,0.7962,0,0.4562,0
76760.3,0.5622,0.8504,11,0.27,1,0.6396,1
62895.79,0.9287,0.3402,19,0.3969,0,0.9742,0
21356.21,0.1628,0.1028,9,0.7661,0,0.8052,0
56618.38,0.5505,0.416,18,0.2916,1,0.9585,0
77710.77,0.1057,0.574,17,0.2617,0,0.1895,0
54481.43,0.6175,0.6099,15,0.6018,0,0.9932,0
87482.72,0.3657,0.8356,18,0.8997,1,0.3052,0
15417.31,0.9676,0.5414,8,0.118,0,0.0342,1
41189.33,0.4154,0.2237,15,0.631,1,0.4362,0
53066.62,0.1362,0.2617,3,0.4743,0,0.2462,1
46070.9,0.834,0.1008,6,0.3696,1,0.7621,0
15315.72,0.8209,0.7359,11,0.6749,0,0.0869,0
19585.19,0.6949,0.1059,0,0.4994,0,0.548,0
84573.64,0.7488,0.6058,16,0.718,0,0.2894,0
51016.5,0.2647,0.5969,19,0.6695,1,0.2067,0
9628.63,0.6421,0.7855,2,0.8866,1,0.8756,0
6566.67,0.038,0.0746,20,0.7298,0,0.5155,0
49980.16,0.1969,0.2029,1,0.0601,0,0.3254,1
20615.98,0.9323,0.9096,2,0.7016,0,0.7461,0
71986.96,0.7392,0.5722,16,0.5847,1,0.8532,0
80555.73,0.2307,0.4577,14,0.0808,1,0.4421,0
26688.19,0.1114,0.7477,19,0.5449,1,0.1821,0
61256.81,0.9489,0.9025,8,0.6757,0,0.9943,0
19672.24,0.1122,0.263,12,0.1775,0,0.359,0
33840.35,0.2571,0.9015,3,0.3914,1,0.2055,1
89435.57,0.1826,0.1087,14,0.4882,1,0.1033,0
56689.32,0.0075,0.9777,20,0.3718,1,0.1239,0
89159.43,0.3141,0.1649,12,0.7884,0,0.943,0
26398.54,0.9742,0.2662,19,0.152,0,0.9467,0
36352.31,0.3419,0.0966,8,0.6944,1,0.5079,0
49740.45,0.5043,0.8037,20,0.7003,0,0.6921,0
50607.61,0.7459,0.9842,11,0.4032,1,0.8326,1
99776.56,0.5511,0.297,3,0.4855,0,0.5575,0
15872.31,0.7436,0.3256,7,0.1382,0,0.667,0
85936.68,0.6616,0.279,10,0.1756,1,0.967,0
87049.79,0.6086,0.1548,1,0.4785,1,0.1725,0
57553.87,0.6496,0.7874,18,0.2022,1,0.1388,1
37683.53,0.7992,0.0607,5,0.7258,1,0.753,0
54326.48,0.7102,0.9678,14,0.5546,1,0.7033,0
32784.43,0.7918,0.9273,19,0.0509,0,0.186,1
80915.21,0.1456,0.1184,9,0.3221,1,0.3024,0
52336.52,0.6777,0.5295,12,0.7726,1,0.6853,0
92955.01,0.737,0.9929,10,0.2497,1,0.4944,1
64155.68,0.3,0.8526,16,0.6477,1,0.8935,0
53860.34,0.8746,0.7151,0,0.0844,0,0.8372,1
72551.59,0.3047,0.0225,7,0.8375,0,0.4871,0
52873.63,0.2438,0.0684,12,0.4044,0,0.6669,1
90928.1,0.8671,0.794,1,0.4424,0,0.6435,1
22522.37,0.247,0.3764,18,0.5128,0,0.0921,0
97468.12,0.4155,0.6684,13,0.3271,0,0.4256,0
82158.1,0.3679,0.7392,0,0.6528,1,0.4399,0
86769.67,0.8981,0.4222,0,0.0131,0,0.8974,0
50876.24,0.4552,0.1434,3,0.146,0,0.8853,1
84534.15,0.6943,0.3867,13,0.1699,0,0.0576,0
34143.54,0.794,0.871,10,0.5718,0,0.8452,0
77385.08,0.6279,0.3311,10,0.8015,0,0.6117,0
18342.77,0.9437,0.0626,11,0.0573,0,0.0162,0
34169.93,0.8025,0.9591,10,0.7672,0,0.3817,0
47344.6,0.4002,0.6807,7,0.7376,0,0.8881,0
35620.37,0.9508,0.5409,0,0.069,0,0.3582,1
41766.63,0.5246,0.8291,0,0.1289,1,0.6764,0
82909.95,0.0226,0.4112,14,0.315,0,0.5657,1
29384.21,0.26,0.9851,15,0.1032,1,0.5899,0
75801.71,0.6217,0.8576,5,0.6825,0,0.4808,0
12002.65,0.1568,0.2805,5,0.4537,0,0.4823,0
77745.22,0.5841,0.371,8,0.3697,0,0.9026,0
80242.21,0.3616,0.2757,13,0.6525,1,0.4138,0
43161.38,0.5344,0.6593,12,0.2636,1,0.1914,0
73635.39,0.0019,0.6393,11,0.7844,0,0.4197,0
91938.15,0.8484,0.5225,0,0.5886,0,0.7329,0
81067.73,0.3619,0.9658,9,0.3119,0,0.4752,0
42092.42,0.1402,0.4723,15,0.4859,1,0.7321,0
51000.28,0.4379,0.7837,12,0.2335,0,0.2398,0
79038.97,0.4862,0.6581,16,0.8865,1,0.5828,0
32796.49,0.6374,0.5182,14,0.392,1,0.8643,1
81368.86,0.5246,0.0421,18,0.8071,1,0.5293,1
36166.76,0.0435,0.6575,12,0.8802,1,0.6368,0
81569.11,0.8715,0.6426,11,0.4822,0,0.6788,0
13246.04,0.4565,0.1249,11,0.657,1,0.7397,0
9217.74,0.077,0.7959,5,0.515,0,0.3503,0
99779.17,0.7728,0.467,9,0.0824,1,0.6268,1
87598.43,0.6602,0.3241,3,0.8572,0,0.4162,0
88870.51,0.6494,0.824,9,0.411,0,0.391,1
95371.6,0.4269,0.3434,3,0.8047,0,0.4752,0
46640.05,0.4105,0.6219,10,0.59,1,0.4078,0
32249.38,0.5363,0.6179,20,0.0947,0,0.0259,0
17352.37,0.0506,0.0528,9,0.3753,1,0.742,0
52614.87,0.299,0.4228,15,0.1763,0,0.5843,0
25904.59,0.9879,0.2228,9,0.1529,0,0.1376,0
93877.33,0.6622,0.1996,19,0.6436,1,0.2613,0
5380.3,0.4189,0.655,4,0.027,0,0.611,0
18603.69,0.2224,0.0114,17,0.8695,1,0.518,0
28415.21,0.7452,0.9691,15,0.4049,0,0.7234,1
23900.89,0.2603,0.3954,18,0.4408,0,0.4892,0
26448.95,0.1624,0.2988,2,0.2695,0,0.8446,1
67324.52,0.1545,0.92,18,0.0771,0,0.0775,0
36113.65,0.7293,0.4867,19,0.5294,0,0.6132,0
63427.32,0.6428,0.6143,6,0.3103,0,0.3716,1
89574.5,0.0698,0.6959,13,0.5617,0,0.3068,0
62242.89,0.115,0.8714,12,0.5002,0,0.9436,0
70980.62,0.6338,0.1297,1,0.1952,1,0.8638,0
39722.81,0.5711,0.0817,11,0.4155,0,0.1837,0
20175.15,0.686,0.9937,13,0.2773,1,0.0574,1
35455.49,0.178,0.0089,4,0.2158,0,0.8673,0
96606.85,0.7266,0.7082,7,0.6927,1,0.1693,0
64072.08,0.9361,0.6111,12,0.0107,1,0.9283,1
31363.56,0.6011,0.5526,19,0.242,1,0.2773,1
47836.95,0.1961,0.7858,1,0.478,1,0.4117,0
84373.74,0.6795,0.9925,19,0.4285,1,0.045,0
68502.14,0.3431,0.0469,17,0.8461,0,0.5375,1
58262.02,0.0493,0.6145,17,0.7593,0,0.1887,0
89090.47,0.3023,0.7168,1,0.6764,1,0.4311,0
68881.76,0.9056,0.3059,11,0.4627,1,0.9194,0
66059.32,0.4111,0.8929,7,0.386,1,0.2526,0
23027.97,0.8647,0.457,19,0.0329,1,0.6349,0
15106.92,0.5087,0.1645,15,0.7395,0,0.202,0
96688.5,0.517,0.8544,13,0.3876,1,0.6098,0
61891.55,0.0052,0.9429,0,0.2889,1,0.2892,0
44489.92,0.6371,0.0995,18,0.546,1,0.6816,0
60956.98,0.1078,0.7517,10,0.6787,1,0.7706,0
10872.14,0.4787,0.215,3,0.4707,0,0.8807,0
83102.09,0.2603,0.0067,18,0.1346,1,0.9186,1
25581.33,0.3924,0.2606,18,0.8295,1,0.2413,0
81431.87,0.5371,0.8549,10,0.1016,0,0.129,0
55765.95,0.0145,0.1412,13,0.8726,0,0.0485,0
31274.34,0.2846,0.1307,12,0.3982,0,0.7204,0
7869.95,0.9896,0.739,6,0.852,0,0.1869,0
82504.17,0.0574,0.4064,15,0.8232,1,0.8002,0
21763.71,0.3194,0.1485,20,0.3656,1,0.9648,1
9921.49,0.3214,0.23,19,0.72,0,0.148,0
76808.38,0.3794,0.7946,14,0.0808,1,0.2833,0
38254.11,0.6848,0.6233,7,0.0745,0,0.5241,1
41986.73,0.2477,0.7609,19,0.3204,0,0.4305,0
28471.42,0.4603,0.0978,19,0.5488,1,0.4259,0
86621.96,0.6449,0.4581,0,0.0084,0,0.2171,1
33246.3,0.3223,0.7971,7,0.4637,0,0.8892,0
24968.29,0.9488,0.2658,11,0.8781,1,0.6816,0
34378.72,0.9797,0.1692,12,0.7726,1,0.1539,1
24299.21,0.1197,0.3818,14,0.2092,0,0.0044,1
35177.25,0.3438,0.3334,10,0.4753,0,0.7627,0
12878.94,0.208,0.1855,0,0.1543,1,0.0159,0
20060.35,0.1868,0.9539,3,0.2369,1,0.8804,0
44620.02,0.491,0.4831,16,0.8307,0,0.5294,0
88549.35,0.5638,0.6081,14,0.898,0,0.9301,0
10442.62,0.4257,0.1211,13,0.2183,1,0.7719,0
25204.1,0.2726,0.61,9,0.1909,1,0.8943,0
91292.84,0.2786,0.5553,5,0.3455,0,0.7438,0
89551.39,0.9921,0.9319,6,0.4013,0,0.5766,1
69547.83,0.9237,0.4123,14,0.0803,1,0.1731,0
27844.99,0.0759,0.7821,10,0.1329,0,0.7276,1
44882.0,0.6566,0.3042,2,0.3823,1,0.5923,0
25065.99,0.4569,0.5789,8,0.2119,0,0.4547,0
17215.91,0.6888,0.927,17,0.7604,0,0.5586,0
41099.85,0.597,0.6251,12,0.6764,1,0.2323,0
59703.05,0.8893,0.7112,18,0.4827,1,0.4044,1
39193.6,0.067,0.876,10,0.3894,0,0.1242,0
63028.33,0.3496,0.9254,10,0.7479,1,0.4098,0
33144.2,0.9855,0.2083,19,0.1494,0,0.4669,1
37855.8,0.1823,0.1958,10,0.7986,0,0.8578,0
80113.99,0.1273,0.5505,2,0.0442,1,0.5272,1
88439.9,0.729,0.9955,8,0.8311,1,0.9089,0
35593.24,0.7774,0.4902,13,0.1249,1,0.9679,1
59294.0,0.6723,0.3309,7,0.7309,1,0.049,0
31425.42,0.7762,0.5373,8,0.0162,1,0.5971,1
10066.79,0.6937,0.0644,18,0.7336,1,0.2992,0
75096.43,0.1358,0.1772,9,0.5257,1,0.8513,0
21245.33,0.6082,0.1489,6,0.0171,1,0.4941,1
45442.69,0.7769,0.0279,2,0.6968,1,0.0781,0
51269.32,0.8655,0.7222,8,0.0914,0,0.215,1
22524.8,0.2462,0.3255,16,0.4859,1,0.6739,1
13982.76,0.1274,0.1685,6,0.2988,1,0.0796,0
38061.24,0.7811,0.5122,9,0.6833,0,0.3791,0
95467.16,0.2565,0.3234,13,0.7679,1,0.8716,0
63437.88,0.0319,0.393,19,0.4178,1,0.0292,0
41233.97,0.8252,0.3155,17,0.6821,0,0.6962,0
8696.53,0.506,0.004,6,0.825,1,0.6755,0
62025.96,0.3266,0.6883,3,0.6203,0,0.3207,0
13764.48,0.0114,0.1107,14,0.2898,0,0.1127,0
56541.69,0.0353,0.2191,5,0.417,1,0.1024,0
76435.3,0.7926,0.1903,8,0.207,1,0.9692,0
45240.61,0.4897,0.3314,2,0.4126,1,0.6769,0
33444.09,0.1497,0.1602,16,0.2213,0,0.376,0
9501.5,0.3585,0.347,3,0.7265,0,0.8335,0
7353.9,0.1653,0.2433,7,0.5489,1,0.1033,0
45852.52,0.1129,0.0612,8,0.5699,0,0.1269,0
88917.8,0.2763,0.8706,0,0.0992,1,0.1976,0
28185.96,0.5495,0.3056,16,0.0013,1,0.7636,0
59535.27,0.21,0.0953,12,0.7103,0,0.4089,0
70009.05,0.3437,0.5215,11,0.4881,0,0.6426,0
10778.84,0.4779,0.1233,3,0.8384,0,0.2325,0
19544.54,0.42,0.7731,1,0.4835,1,0.7773,1
36471.3,0.1286,0.0616,1,0.1932,1,0.8017,0
68658.85,0.0389,0.4646,13,0.6286,1,0.4133,0
46708.34,0.0355,0.9438,15,0.6309,0,0.2093,0
74748.53,0.3502,0.159,16,0.059,1,0.6301,0
87421.8,0.7188,0.2014,16,0.6243,0,0.2561,0
77045.37,0.1313,0.6005,8,0.1913,0,0.1483,0
99263.48,0.787,0.9799,0,0.2291,0,0.6158,1
76664.3,0.7157,0.3858,5,0.0283,1,0.5129,0
85957.02,0.0039,0.6486,16,0.5646,1,0.7835,0
84074.8,0.0267,0.1523,16,0.6586,1,0.2923,0
74375.25,0.195,0.6414,10,0.2074,1,0.2253,0
81171.17,0.0561,0.2527,0,0.7133,1,0.6405,0
93794.91,0.5313,0.6133,16,0.6858,1,0.7011,0
50144.7,0.0396,0.0887,17,0.3688,0,0.4134,0
65637.27,0.8026,0.525,4,0.0614,1,0.4424,1
53919.27,0.493,0.2374,16,0.2522,1,0.1235,0
85848.51,0.728,0.6817,13,0.1489,0,0.4694,1
45979.16,0.7507,0.7477,18,0.8629,1,0.9613,1
82874.04,0.5068,0.8481,13,0.736,0,0.1137,0
80938.68,0.9254,0.9924,1,0.0705,1,0.568,1
96379.18,0.9902,0.4594,13,0.4621,0,0.0184,1
28647.47,0.3592,0.6706,2,0.2402,0,0.3254,0
72413.85,0.1259,0.0184,5,0.0289,0,0.7611,0
76907.35,0.3632,0.9051,18,0.2901,0,0.5672,0
93946.46,0.2234,0.6157,20,0.1148,1,0.0811,0
91155.73,0.531,0.4213,9,0.2005,0,0.4518,0
59484.96,0.3784,0.4343,6,0.2939,1,0.0791,0
60019.55,0.4804,0.758,8,0.368,0,0.3735,0
20892.67,0.7632,0.8335,5,0.4216,1,0.769,1
97621.46,0.274,0.8079,12,0.4682,1,0.2582,0
29226.66,0.5375,0.5106,8,0.333,0,0.4534,0
73849.94,0.3352,0.3711,1,0.4485,1,0.5003,0
80600.53,0.785,0.9455,12,0.3761,0,0.8533,1
46915.47,0.6395,0.6342,13,0.868,1,0.1215,0
25063.4,0.0085,0.5437,14,0.0609,0,0.5504,1
22951.24,0.6601,0.5983,19,0.5274,0,0.0308,1
86367.12,0.1702,0.6299,14,0.1743,0,0.0933,0
53521.87,0.7245,0.7131,14,0.3379,0,0.2207,1
13563.01,0.5673,0.5532,4,0.4918,0,0.7197,1
73116.85,0.4015,0.8754,9,0.6838,0,0.0411,0
28766.25,0.6941,0.8597,9,0.88,1,0.9451,0
88257.5,0.8566,0.4423,20,0.4443,0,0.4277,0
34409.32,0.7787,0.1685,9,0.2313,1,0.8387,0
24025.73,0.5454,0.5767,14,0.7124,1,0.2219,0
13061.55,0.7227,0.6207,11,0.1994,1,0.3378,1
53595.46,0.4139,0.5234,1,0.4571,0,0.727,0
47820.07,0.789,0.8906,19,0.762,1,0.3792,0
76374.65,0.8291,0.093,14,0.3634,0,0.5075,0
49137.25,0.1373,0.2874,4,0.5013,0,0.8093,0
37662.52,0.238,0.8658,1,0.1076,1,0.6511,0
29857.22,0.27,0.9394,19,0.0504,1,0.8359,0
31423.94,0.1661,0.4259,6,0.8877,0,0.0865,0
93145.55,0.3925,0.1926,0,0.161,0,0.6081,0
20682.47,0.193,0.4203,12,0.302,0,0.6012,0
98876.76,0.5955,0.4562,0,0.4542,1,0.6071,1
36057.35,0.1016,0.5196,4,0.337,1,0.5888,0
13397.07,0.2699,0.2744,18,0.0876,1,0.7238,0
28625.59,0.6655,0.3126,0,0.1772,0,0.844,0
10549.37,0.3985,0.6556,15,0.4441,1,0.2296,0
80052.83,0.4215,0.6218,12,0.3949,1,0.1046,0
53692.53,0.7979,0.6621,6,0.7184,1,0.074,0
37013.73,0.9845,0.3773,6,0.2806,0,0.1584,0
67894.71,0.5651,0.3365,9,0.8463,0,0.656,0
64911.42,0.0791,0.3515,11,0.2545,1,0.4165,0
94287.85,0.1029,0.9512,18,0.2982,0,0.3495,0
96319.75,0.9685,0.3952,5,0.8544,0,0.91,0
69664.96,0.6792,0.6061,12,0.7564,1,0.9002,0
82692.51,0.7525,0.5228,14,0.2853,0,0.5389,1
80280.38,0.6758,0.8762,0,0.3558,1,0.4585,1
51673.84,0.1796,0.3691,18,0.758,1,0.2704,0
71923.54,0.4484,0.4341,20,0.0775,0,0.4599,0
12434.61,0.7981,0.8428,1,0.2652,0,0.4109,1
77012.0,0.8664,0.161,5,0.4784,0,0.007,0
96374.14,0.2373,0.5943,16,0.746,0,0.7586,0
13072.6,0.596,0.3999,16,0.5082,0,0.4386,0
84431.0,0.1571,0.9858,3,0.4408,0,0.2228,0
93633.1,0.9583,0.7214,19,0.8659,1,0.6663,1
26487.94,0.2522,0.0106,6,0.1048,0,0.4477,0
54857.06,0.7266,0.8395,6,0.7021,0,0.3137,0
93146.53,0.2311,0.7032,7,0.1143,0,0.2308,0
96221.47,0.6161,0.561,14,0.6595,1,0.0591,0
17148.83,0.6593,0.2361,4,0.4888,1,0.503,1
38155.4,0.3284,0.1493,11,0.2382,0,0.3754,0
71323.74,0.8188,0.6284,1,0.489,0,0.0403,1
26048.06,0.8854,0.4399,3,0.7915,0,0.8124,0
35853.21,0.8551,0.8616,16,0.425,1,0.8083,1
7212.65,0.3308,0.2624,8,0.0059,1,0.49,0
19584.56,0.7443,0.6375,16,0.0509,0,0.8389,1
58421.3,0.5595,0.2488,15,0.5694,1,0.481,0
67043.56,0.5926,0.6363,20,0.6101,0,0.1689,0
66646.62,0.4774,0.0483,2,0.3616,1,0.5176,0
78944.24,0.6003,0.3917,19,0.2185,1,0.3126,0
44451.73,0.1357,0.1727,18,0.6444,0,0.4524,1
30981.62,0.4088,0.6059,9,0.2737,1,0.9707,0
6480.17,0.1777,0.3167,2,0.0666,1,0.3555,0
24629.83,0.2801,0.7715,2,0.3686,1,0.2159,0
34676.84,0.1278,0.1146,10,0.4852,1,0.1286,0
21929.65,0.2125,0.5562,0,0.8691,0,0.8839,0
6913.72,0.7819,0.5937,2,0.533,0,0.0149,0
19957.52,0.5498,0.0221,11,0.1875,0,0.9075,0
68279.46,0.0236,0.036,11,0.749,1,0.0618,0
64810.61,0.7885,0.3082,18,0.2623,1,0.7527,0
93889.95,0.9095,0.6091,20,0.8634,1,0.2937,1
80825.99,0.8804,0.9626,5,0.2928,0,0.2499,0
58936.83,0.823,0.0908,6,0.8186,0,0.1799,0
18067.85,0.9922,0.7032,4,0.7911,0,0.1345,0
58586.82,0.5864,0.6927,4,0.7776,0,0.0662,0
10851.53,0.9626,0.6695,9,0.0354,0,0.155,0
45934.07,0.9488,0.5161,20,0.7649,0,0.5885,0
42074.57,0.3132,0.9668,18,0.6492,0,0.5697,0
45642.31,0.8634,0.5018,19,0.3009,0,0.2811,1
31583.46,0.7925,0.8383,9,0.4411,1,0.6799,1
70153.89,0.7758,0.2625,13,0.5759,0,0.7696,0
84889.72,0.8963,0.8063,15,0.8492,1,0.9802,0
78009.11,0.3842,0.9965,5,0.7021,0,0.4398,0
64636.45,0.4001,0.9101,9,0.3857,1,0.3746,0
56142.76,0.6401,0.3041,11,0.5809,0,0.9732,0
7953.0,0.7378,0.8462,7,0.1673,0,0.9422,1
73678.73,0.8797,0.0953,9,0.3815,1,0.9269,0
56773.38,0.8758,0.6777,9,0.7122,1,0.6088,0
30720.4,0.7213,0.3421,1,0.5459,1,0.6177,0
36144.99,0.9569,0.6587,16,0.7049,1,0.928,0
93882.64,0.1786,0.4122,18,0.4588,1,0.4798,0
64314.41,0.9503,0.009,15,0.3421,1,0.2135,1
50211.68,0.0642,0.2313,19,0.6683,1,0.9853,0
63987.57,0.5556,0.0424,9,0.0844,1,0.8421,0
44305.52,0.0902,0.4273,1,0.8807,0,0.0561,0
49667.32,0.568,0.8401,5,0.8535,1,0.1125,0
32579.38,0.3901,0.738,17,0.7923,1,0.8821,1
46786.06,0.0816,0.7889,2,0.7959,0,0.3011,0
70131.26,0.6481,0.8072,11,0.46,0,0.6964,0
8794.48,0.7312,0.3719,0,0.4482,1,0.1178,0
80527.6,0.1742,0.506,6,0.7381,1,0.1705,1
31883.06,0.6944,0.5085,2,0.2549,1,0.7474,1
69843.18,0.179,0.1132,2,0.7649,1,0.9793,0
66058.9,0.1374,0.5981,3,0.1808,1,0.5022,0
66999.66,0.1474,0.7202,11,0.7912,1,0.0429,1
62772.25,0.5991,0.611,14,0.487,1,0.2343,1
96114.67,0.7788,0.746,6,0.7589,0,0.2127,0
53292.7,0.5969,0.1189,17,0.4438,0,0.9353,0
74570.32,0.8094,0.7614,8,0.5476,0,0.4191,0
72017.69,0.5915,0.2081,15,0.8341,1,0.9477,0
27445.42,0.7973,0.8768,11,0.3764,0,0.8596,1
31914.05,0.9765,0.2449,15,0.1983,0,0.4508,0
45281.62,0.391,0.492,20,0.0819,1,0.0249,0
31381.3,0.1499,0.4873,20,0.531,1,0.973,0
39840.59,0.1354,0.2689,12,0.55,1,0.0101,0
42141.26,0.5975,0.3617,20,0.5586,0,0.8561,0
62367.13,0.5471,0.1856,14,0.0334,1,0.4132,0
25889.55,0.1842,0.5701,5,0.0247,0,0.3013,0
81407.73,0.8821,0.913,19,0.8059,1,0.4083,0
46565.95,0.9567,0.3166,3,0.626,1,0.3569,0
72093.19,0.2532,0.5081,9,0.102,0,0.6891,0
12737.04,0.2069,0.8619,3,0.0672,1,0.5727,0
49646.71,0.2139,0.4525,16,0.1457,1,0.2569,0
7680.86,0.3874,0.8313,18,0.7262,0,0.5275,0
69211.45,0.8532,0.4464,17,0.6508,1,0.405,1
37652.46,0.596,0.4402,2,0.5748,0,0.9206,0
95179.02,0.0676,0.1572,5,0.5767,1,0.8924,0
35791.8,0.473,0.125,7,0.773,0,0.6173,1
58561.56,0.0903,0.6115,2,0.3001,1,0.9654,0
29451.82,0.4062,0.8273,11,0.29,0,0.3751,0
63910.7,0.4035,0.1354,0,0.3829,1,0.088,0
49369.02,0.6484,0.9101,12,0.8907,0,0.0477,0
40209.68,0.5495,0.3589,12,0.4994,0,0.8334,0
24350.49,0.8748,0.4253,12,0.4922,1,0.3835,0
15594.53,0.0163,0.8945,19,0.7286,1,0.8603,0
16388.52,0.774,0.8963,16,0.1603,0,0.4587,0
99908.8,0.0227,0.5249,5,0.3649,0,0.0112,0
44169.52,0.3043,0.2768,12,0.5772,0,0.5286,0
5183.32,0.8797,0.1719,16,0.8892,0,0.5945,0
95528.24,0.6904,0.2716,17,0.139,1,0.4515,1
6898.09,0.172,0.7806,13,0.4068,0,0.838,0
44765.68,0.4908,0.3246,1,0.815,0,0.644,0
73160.37,0.7219,0.6946,9,0.653,0,0.3647,0
91886.93,0.9373,0.1952,18,0.5524,0,0.719,0
72724.2,0.6343,0.4785,1,0.2314,1,0.3196,1
49044.45,0.0247,0.3521,12,0.1685,0,0.8385,0
97571.99,0.4997,0.5036,11,0.3368,0,0.2801,0
8735.34,0.153,0.5699,4,0.2296,0,0.6666,0
98754.76,0.0478,0.9909,7,0.7276,0,0.4151,0
85692.2,0.5985,0.8999,20,0.6486,1,0.1012,0
93248.35,0.7769,0.6959,12,0.7517,0,0.6297,0
29203.38,0.0361,0.1537,19,0.154,1,0.3831,1
18533.52,0.7836,0.919,9,0.279,1,0.6343,0
68014.95,0.7064,0.8926,17,0.6917,0,0.5399,0
54006.65,0.752,0.8867,13,0.1472,0,0.0416,1
54700.96,0.2447,0.479,19,0.131,1,0.205,0
92838.82,0.3936,0.1707,6,0.3448,1,0.7004,0
63907.69,0.1198,0.7544,8,0.1678,1,0.4677,0
34551.06,0.2389,0.3885,0,0.071,1,0.4665,1
43006.32,0.3028,0.3446,4,0.2815,1,0.0024,0
17682.1,0.3194,0.3908,2,0.788,1,0.3028,1
23269.83,0.175,0.5591,3,0.0509,1,0.6695,0
18618.26,0.1887,0.3335,6,0.5095,0,0.887,0
81977.68,0.9015,0.6899,18,0.5067,1,0.574,1
71962.98,0.7839,0.6477,7,0.4778,0,0.5406,1
55382.78,0.3445,0.5089,17,0.455,1,0.4703,0
40564.94,0.9476,0.054,17,0.0155,0,0.6785,1
68506.96,0.2389,0.9365,20,0.0427,0,0.7981,0
82226.01,0.4068,0.4117,10,0.4601,1,0.2207,0
88717.16,0.8135,0.4495,17,0.8715,0,0.714,0
56966.54,0.4429,0.456,8,0.3672,1,0.2439,0
82889.09,0.2346,0.365,13,0.4251,1,0.0318,0
53574.07,0.3685,0.6746,17,0.8839,0,0.0747,0
50080.36,0.5007,0.0139,2,0.7012,1,0.0465,0
87216.03,0.6206,0.8735,1,0.6931,0,0.2802,0
41705.52,0.4056,0.1024,3,0.4543,1,0.1272,0
42611.7,0.4313,0.9997,15,0.8081,1,0.0852,0
33966.58,0.2639,0.6281,9,0.5231,1,0.1476,0
54276.66,0.5353,0.0662,5,0.591,1,0.0382,0
56760.75,0.2195,0.5624,16,0.7088,1,0.3436,0
67743.81,0.8675,0.3313,0,0.3659,1,0.8228,0
45897.72,0.7474,0.953,3,0.8579,1,0.5538,0
25694.54,0.4103,0.7555,9,0.8892,0,0.065,1
87350.0,0.7472,0.507,19,0.5284,1,0.3749,0
37870.08,0.007,0.4298,15,0.1998,0,0.4298,0
92679.62,0.3445,0.9959,14,0.6974,0,0.1724,0
24698.57,0.4403,0.6674,14,0.2899,0,0.373,0
58205.46,0.4698,0.5139,6,0.5194,0,0.3368,0
55978.43,0.7487,0.3979,9,0.078,1,0.4938,0
83721.55,0.9628,0.3246,18,0.7267,0,0.6973,0
18190.88,0.38,0.7054,15,0.8632,0,0.4788,0
91444.03,0.3506,0.5879,12,0.0848,0,0.074,0
55485.68,0.6105,0.8482,1,0.6584,0,0.0552,0
60680.39,0.2813,0.5536,15,0.7748,1,0.888,0
53465.8,0.1414,0.5823,7,0.0986,1,0.6948,0
8422.37,0.9615,0.4774,8,0.2221,0,0.6572,0
52223.61,0.8095,0.7626,14,0.3527,1,0.9132,1
30037.22,0.9585,0.415,8,0.7531,1,0.5415,1
37555.38,0.2178,0.8519,12,0.4441,0,0.0737,0
66664.65,0.0178,0.327,0,0.1233,0,0.7144,0
52281.23,0.4373,0.6926,3,0.2307,1,0.1623,0
13855.73,0.9336,0.893,11,0.4206,1,0.6662,1
11938.92,0.1383,0.7691,20,0.0353,0,0.4007,0
22637.48,0.1172,0.3426,15,0.5679,0,0.0282,0
23134.09,0.069,0.7063,8,0.0228,0,0.0555,0
62788.57,0.765,0.207,20,0.7028,1,0.3926,0
21892.37,0.7859,0.0582,5,0.6605,1,0.5945,0
88763.35,0.6954,0.7914,18,0.7789,0,0.1709,0
24927.26,0.0533,0.808,8,0.1419,1,0.1067,0
13657.49,0.7233,0.0229,1,0.5423,1,0.3762,0
88195.87,0.4486,0.9478,0,0.7029,0,0.8042,0
33056.12,0.1579,0.4459,20,0.4642,1,0.784,0
45415.15,0.2951,0.9053,13,0.1177,0,0.6841,1
96107.51,0.5011,0.7882,3,0.089,1,0.4254,0
94715.08,0.3297,0.9007,20,0.5453,1,0.4419,0
72917.1,0.9697,0.8334,0,0.4478,1,0.2259,1
11549.2,0.4747,0.974,7,0.8366,1,0.1371,0
61367.31,0.3722,0.6291,15,0.7505,1,0.0158,0
98962.4,0.6732,0.2273,1,0.6514,1,0.8602,0
94957.04,0.6505,0.3896,19,0.8842,1,0.4962,0
15070.24,0.0024,0.7519,14,0.6251,1,0.003,0
42616.89,0.6185,0.157,19,0.0831,0,0.5292,0
34975.99,0.2438,0.9298,17,0.0698,1,0.2583,1
17324.17,0.3752,0.2053,17,0.7343,1,0.4274,0
71005.84,0.7063,0.876,4,0.3246,1,0.6724,1
31015.59,0.5574,0.4837,4,0.8319,0,0.8097,0
37762.25,0.3687,0.8406,5,0.1064,0,0.7005,0
13584.09,0.1674,0.9583,3,0.1789,0,0.8963,0
52306.92,0.5055,0.4221,13,0.6959,0,0.2347,1
20025.95,0.3194,0.6966,1,0.7627,0,0.6614,0
46048.59,0.9129,0.2267,8,0.7805,0,0.8898,0
18617.51,0.5343,0.8008,12,0.0892,0,0.3085,0
95615.74,0.866,0.8199,11,0.3436,0,0.7995,1
18773.34,0.3902,0.2952,10,0.5817,0,0.9402,0
54579.28,0.8274,0.0241,4,0.8269,1,0.6439,1
23713.08,0.0565,0.4312,2,0.2151,1,0.1643,0
12254.37,0.2981,0.17,20,0.5403,1,0.2609,0
24219.32,0.0782,0.8186,9,0.1292,1,0.68,0
10203.54,0.0317,0.2611,12,0.6726,1,0.8662,0
18242.75,0.9189,0.9437,11,0.1148,1,0.0238,1
51880.99,0.7169,0.9718,7,0.9,1,0.3263,0
66922.47,0.6251,0.9088,15,0.083,0,0.2336,1
13297.28,0.5325,0.5996,7,0.6168,1,0.4221,1
46896.77,0.5696,0.2674,8,0.6993,1,0.7685,0
60218.47,0.6387,0.8073,16,0.2322,1,0.5028,1
27251.44,0.8266,0.7016,6,0.2293,0,0.5183,1
40347.45,0.5969,0.9772,14,0.5365,0,0.609,0
11824.31,0.7486,0.3773,13,0.5674,0,0.5157,0
25912.45,0.281,0.0588,0,0.6485,1,0.6883,0
49341.53,0.9768,0.9984,14,0.5223,0,0.107,0
99092.01,0.0319,0.8383,16,0.157,0,0.0228,0
99645.18,0.3866,0.2215,5,0.8317,1,0.8268,0
98064.06,0.882,0.7256,19,0.15,0,0.4789,1
45193.21,0.1805,0.0007,0,0.5087,1,0.2985,0
12664.64,0.1413,0.5578,3,0.828,0,0.4543,0
35739.48,0.3654,0.3628,19,0.8217,0,0.6501,0
27582.87,0.4282,0.3813,17,0.1511,0,0.1217,0
6342.02,0.9334,0.2445,15,0.2147,0,0.5236,0
14047.19,0.8361,0.2748,12,0.5417,0,0.1107,0
48053.23,0.4641,0.4547,4,0.3034,0,0.8596,0
37267.93,0.973,0.2481,10,0.6578,1,0.5624,0
22133.6,0.6423,0.4664,11,0.4702,0,0.8109,1
73029.5,0.8737,0.5773,1,0.2395,0,0.721,1
38925.98,0.2461,0.7111,12,0.3699,1,0.8153,0
85927.45,0.489,0.6771,1,0.622,1,0.3418,0
27892.83,0.0297,0.242,2,0.7066,1,0.1395,0
56147.38,0.0089,0.0392,3,0.3326,1,0.8916,0
22493.23,0.7055,0.8327,4,0.0945,1,0.8846,1
52053.56,0.1183,0.8723,1,0.3179,0,0.8833,1
19484.32,0.5478,0.9789,20,0.5674,1,0.9893,0
20349.97,0.696,0.9597,16,0.6838,0,0.5962,0
63161.22,0.0322,0.6338,10,0.7917,0,0.5125,0
30059.67,0.4487,0.8943,7,0.8657,1,0.7973,0
21374.89,0.6842,0.448,4,0.4764,1,0.1101,0
93327.98,0.8897,0.7873,19,0.7922,1,0.783,0
9085.31,0.2992,0.9553,16,0.2359,1,0.8122,1
58689.07,0.9742,0.7963,15,0.5037,0,0.5772,0
57085.06,0.8445,0.4158,9,0.4854,0,0.3879,0
28807.84,0.6506,0.3778,0,0.6918,0,0.6562,0
48013.32,0.3919,0.2915,13,0.6958,1,0.915,0
13335.09,0.7111,0.3671,10,0.2568,0,0.158,0
73520.66,0.8162,0.8206,6,0.7973,0,0.3111,0
26061.23,0.3033,0.7015,6,0.8023,0,0.6714,0
23371.61,0.9928,0.2499,1,0.8534,1,0.8332,0
34913.46,0.9086,0.7115,18,0.4119,0,0.6521,1
90725.14,0.4855,0.3794,3,0.8887,1,0.5908,0
80664.33,0.7228,0.5578,17,0.7064,1,0.0857,1
94954.77,0.524,0.3704,20,0.5879,1,0.4337,0
66936.42,0.7609,0.5216,0,0.389,0,0.8902,1
67977.54,0.827,0.7298,13,0.7582,1,0.3616,0
50602.94,0.0232,0.7311,1,0.6877,1,0.381,0
90992.7,0.0791,0.7532,17,0.527,1,0.3576,0
53533.33,0.3365,0.391,10,0.8974,0,0.3627,0
38730.71,0.9176,0.6905,0,0.2245,0,0.4048,0
65835.63,0.3983,0.2387,16,0.5776,1,0.7734,0
56883.25,0.8875,0.4774,16,0.289,1,0.4551,0
16781.88,0.4624,0.5831,19,0.4121,0,0.6071,0
42308.91,0.2889,0.6865,10,0.3051,1,0.4424,0
34765.91,0.9006,0.912,19,0.3011,0,0.8738,1
85449.21,0.5607,0.3048,13,0.3391,1,0.1787,0
40990.04,0.3605,0.8453,11,0.051,0,0.1229,0
83047.75,0.0444,0.3111,7,0.0359,1,0.4077,0
47027.01,0.1109,0.5519,6,0.6524,0,0.9743,1
76582.55,0.1393,0.8281,13,0.2798,0,0.6998,0
17851.78,0.3648,0.7231,15,0.0191,1,0.6163,0
92841.77,0.6073,0.8629,0,0.0733,0,0.3903,1
50653.19,0.3076,0.8149,8,0.1763,0,0.2952,0
29680.83,0.0655,0.2763,0,0.0434,1,0.9566,0
27941.51,0.2648,0.9929,8,0.8515,0,0.4269,1
30182.34,0.4087,0.937,16,0.5115,1,0.7111,0
39838.8,0.9923,0.4302,14,0.3546,0,0.8104,0
73164.36,0.393,0.0472,2,0.4794,1,0.6575,1
95212.29,0.0892,0.3035,15,0.1015,1,0.2326,0
68558.56,0.5811,0.8362,0,0.6317,0,0.288,0
56980.8,0.9196,0.9509,0,0.8726,0,0.023,0
47616.79,0.7867,0.8317,19,0.1176,0,0.9694,1
83678.47,0.8362,0.3967,0,0.1373,1,0.8347,1
85717.43,0.9282,0.0565,5,0.5658,1,0.404,0
32838.58,0.6365,0.5176,2,0.1367,0,0.8924,1
95574.92,0.9949,0.3764,12,0.1134,0,0.1537,0
42535.96,0.0333,0.123,10,0.6034,0,0.042,0
81007.42,0.8348,0.1059,17,0.5568,1,0.1353,1
96847.89,0.857,0.153,20,0.196,0,0.8834,0
71847.52,0.9167,0.2058,15,0.7409,1,0.1605,0
20347.32,0.4782,0.7538,9,0.0947,0,0.0681,0
60683.01,0.7878,0.3817,0,0.2993,0,0.1855,1
16283.83,0.1951,0.4369,19,0.665,0,0.4151,0
79968.49,0.6031,0.5984,11,0.5525,0,0.4964,1
31724.94,0.3586,0.9601,4,0.5401,1,0.2359,0
71045.41,0.5962,0.7565,11,0.6176,1,0.8057,0
91458.52,0.6756,0.6457,8,0.5818,0,0.9598,0
22195.94,0.3471,0.7438,7,0.7868,1,0.2908,0
42321.49,0.2162,0.7193,9,0.5119,1,0.9311,0
66476.28,0.3217,0.6902,15,0.3612,0,0.8179,0
44867.57,0.664,0.4964,3,0.6895,0,0.886,0
21607.8,0.6769,0.5668,20,0.2333,1,0.0597,1
7761.8,0.7413,0.4615,1,0.6836,0,0.834,0
43626.82,0.1265,0.395,3,0.252,0,0.5859,0
66674.86,0.8185,0.2708,14,0.4323,0,0.0383,0
59528.5,0.6881,0.3552,3,0.6653,0,0.7537,0
19842.92,0.0305,0.4285,16,0.5649,0,0.2417,0
47815.88,0.3356,0.5794,15,0.0771,1,0.7971,0
40099.75,0.4667,0.4999,9,0.4019,1,0.626,0
31049.23,0.3606,0.1079,9,0.7307,0,0.4923,0
74280.77,0.1174,0.34,20,0.8971,0,0.0234,0
34416.94,0.2073,0.3762,16,0.4201,0,0.8897,0
56313.49,0.0246,0.7069,13,0.0773,0,0.1476,1
92706.24,0.0931,0.3329,2,0.3296,0,0.8297,0
56231.22,0.2663,0.008,12,0.4409,1,0.6882,0
63617.18,0.82,0.0843,0,0.0661,0,0.0696,0
11958.37,0.5266,0.497,5,0.7778,1,0.5422,0
21922.74,0.4245,0.1885,14,0.4849,1,0.9618,0
14590.36,0.6622,0.4946,8,0.3745,0,0.9228,1
77657.23,0.5415,0.5742,20,0.3575,1,0.1463,0
84412.5,0.1315,0.9334,19,0.0255,1,0.1732,0
22713.25,0.2226,0.6556,1,0.467,0,0.1536,0
25830.82,0.2225,0.031,18,0.428,0,0.7562,0
35704.69,0.6,0.3807,18,0.3113,0,0.1608,1
61152.37,0.4616,0.7935,2,0.5928,0,0.0646,0
64070.64,0.3876,0.2606,8,0.3699,1,0.3903,0
70241.63,0.5566,0.925,19,0.5146,1,0.9669,1
90993.31,0.9701,0.529,0,0.7965,1,0.3083,0
33028.81,0.3142,0.0924,1,0.3275,1,0.7242,0
67582.1,0.5202,0.2417,10,0.3581,0,0.144,0
58173.67,0.4804,0.9063,20,0.7793,1,0.6211,0
34054.54,0.7166,0.9915,5,0.3223,0,0.5812,1
91204.44,0.7303,0.863,16,0.3954,0,0.9042,1
14070.92,0.7291,0.3207,14,0.7207,1,0.7166,0
72640.1,0.2015,0.7688,3,0.5327,1,0.1208,1
74148.0,0.4491,0.2222,6,0.8405,0,0.4048,0
91956.02,0.8112,0.3845,13,0.4236,1,0.0006,0
54265.16,0.3815,0.6972,10,0.4311,1,0.241,0
35554.12,0.9843,0.9689,4,0.0386,1,0.9713,1
83635.36,0.3648,0.4392,4,0.1776,1,0.4557,0
78226.98,0.4977,0.4958,11,0.486,0,0.8676,0
52529.98,0.4745,0.2202,17,0.1684,0,0.0237,0
77946.45,0.4337,0.4032,8,0.4082,1,0.8801,0
30448.18,0.8456,0.063,19,0.255,0,0.8894,0
61003.1,0.1553,0.8586,14,0.0187,0,0.6534,0
87192.43,0.5677,0.0233,8,0.4276,1,0.1163,1
35208.53,0.6186,0.6835,14,0.5816,1,0.876,1
50937.25,0.8512,0.2732,9,0.3044,0,0.8999,0
95349.26,0.6092,0.4761,15,0.6989,1,0.201,0
80830.12,0.96,0.2816,20,0.1314,1,0.9402,0
89268.71,0.8722,0.4001,16,0.0822,0,0.881,0
41598.47,0.3487,0.5468,2,0.8414,0,0.2049,0
99668.0,0.8599,0.6409,1,0.8295,0,0.3938,0
19493.73,0.9585,0.9403,16,0.3659,1,0.3367,1
54283.21,0.2572,0.3322,17,0.3779,1,0.4982,0
50530.97,0.6102,0.5849,11,0.7659,1,0.889,0
80851.06,0.2818,0.9017,5,0.4775,0,0.8743,0
91318.69,0.6496,0.2902,18,0.1054,1,0.1757,0
74458.24,0.0936,0.865,9,0.1034,1,0.5511,1
64547.54,0.7342,0.9576,6,0.118,0,0.534,1
45605.77,0.4198,0.8475,7,0.7027,1,0.4504,0
53480.96,0.5873,0.5699,6,0.5417,1,0.7147,0
53383.53,0.0259,0.7221,5,0.2698,1,0.646,0
6935.01,0.6954,0.4811,6,0.1459,1,0.2751,1
52789.35,0.496,0.5973,14,0.1111,0,0.3482,0
86317.23,0.6253,0.9745,0,0.6672,0,0.8884,0
72381.03,0.3157,0.2511,7,0.7973,0,0.3258,0
80592.32,0.1458,0.7925,3,0.478,1,0.4441,1
42096.07,0.4354,0.5062,13,0.6954,1,0.9729,0
55252.46,0.944,0.1769,20,0.2548,1,0.8573,0
8180.94,0.2278,0.6435,16,0.5271,0,0.699,0
41384.8,0.6758,0.7924,5,0.3942,0,0.304,1
50069.52,0.0498,0.5688,10,0.0789,1,0.6287,0
29244.85,0.7181,0.8374,0,0.4386,1,0.642,1
7967.89,0.2384,0.3659,8,0.7621,0,0.4116,0
70588.77,0.4515,0.9138,5,0.0466,0,0.0361,0
46333.34,0.3678,0.6483,10,0.4294,1,0.3665,0
44489.43,0.1128,0.8032,8,0.7859,0,0.5081,0
28748.74,0.3456,0.273,14,0.7111,1,0.9501,0
56093.89,0.3501,0.4461,11,0.4441,0,0.7275,0
46612.54,0.5221,0.9096,19,0.1542,0,0.1079,0
50028.52,0.9724,0.0509,1,0.7637,0,0.3014,0
60182.78,0.47,0.404,19,0.1378,1,0.5217,0
5600.84,0.9144,0.7803,16,0.2491,0,0.4511,1
91231.11,0.4616,0.7438,14,0.1118,0,0.0051,0
11753.3,0.1075,0.8516,17,0.4131,0,0.9351,0
47837.85,0.2302,0.7394,1,0.5663,0,0.904,0
24700.42,0.4075,0.9471,4,0.7444,1,0.9237,0
54759.33,0.3254,0.4983,0,0.4152,1,0.4286,0
31621.86,0.8658,0.6243,16,0.8736,1,0.8334,0
86700.62,0.6786,0.8477,7,0.5363,1,0.7085,0
42654.18,0.5783,0.7017,7,0.544,0,0.5117,0
65681.78,0.4912,0.1021,12,0.1578,1,0.0771,0
28643.57,0.3973,0.367,8,0.1711,1,0.1679,0
6843.58,0.6122,0.5526,13,0.519,0,0.2382,0
43394.68,0.1246,0.7547,19,0.6488,1,0.8959,0
55966.22,0.1625,0.5436,6,0.1842,0,0.6654,1
48656.98,0.3031,0.7775,18,0.4356,1,0.983,0
96391.36,0.1712,0.8376,11,0.3206,0,0.5664,0
72149.72,0.6771,0.2651,7,0.3949,1,0.0847,0
99588.63,0.0248,0.6161,19,0.1999,0,0.4778,1
33030.71,0.1602,0.5571,10,0.1267,0,0.1118,1
79960.06,0.9026,0.2273,2,0.2885,1,0.9014,0
57778.05,0.9975,0.4899,6,0.782,0,0.2784,0
63117.23,0.4876,0.5486,17,0.7247,1,0.1973,0
98656.05,0.4954,0.8173,10,0.0915,0,0.5116,0
67128.78,0.7734,0.461,11,0.079,1,0.8071,1
90387.6,0.0362,0.0809,14,0.4437,0,0.5103,0
73946.27,0.427,0.4873,4,0.2496,0,0.0382,0
17101.68,0.0998,0.838,1,0.7411,0,0.743,0
71445.25,0.4009,0.5713,9,0.4376,0,0.0341,0
51009.98,0.9838,0.3189,19,0.7674,0,0.6044,0
92285.81,0.7536,0.921,2,0.0974,1,0.6169,1
81649.27,0.985,0.1557,15,0.8731,1,0.2085,0
14892.8,0.746,0.3269,20,0.6904,1,0.4466,0
17721.99,0.6081,0.4371,2,0.6587,1,0.0062,0
11613.05,0.7542,0.738,2,0.8462,1,0.2837,0
51858.26,0.6591,0.8357,18,0.4233,1,0.6194,1
12673.32,0.4641,0.0586,2,0.134,1,0.2842,0
73749.44,0.2925,0.792,15,0.4472,1,0.0476,0
57474.07,0.5202,0.7205,16,0.7337,1,0.6743,0
84409.08,0.2585,0.8947,6,0.7736,1,0.7424,0
31580.6,0.4867,0.9004,6,0.4397,1,0.863,0
54318.37,0.1461,0.7775,10,0.6591,1,0.8755,0
16160.57,0.5654,0.1902,10,0.2223,1,0.4963,0
89037.95,0.2453,0.3139,18,0.2075,0,0.4074,0
21625.47,0.2936,0.9363,12,0.5276,0,0.5859,0
14724.41,0.499,0.5982,20,0.3796,0,0.7927,1
24479.81,0.1625,0.5388,5,0.1449,0,0.4753,0
81591.99,0.9624,0.9157,5,0.6852,0,0.9952,0
15052.38,0.4469,0.8742,5,0.4789,1,0.6375,0
63370.61,0.3523,0.7275,13,0.4684,0,0.3081,0
75887.22,0.0292,0.8823,0,0.1704,1,0.7937,0
76352.71,0.8433,0.1138,18,0.217,1,0.1508,0
23055.78,0.6258,0.7575,16,0.6234,0,0.9358,0
10854.28,0.4164,0.9656,20,0.7667,0,0.3404,0
47636.61,0.2455,0.049,20,0.1595,1,0.685,0
24236.11,0.7451,0.223,1,0.7311,0,0.6253,0
71430.73,0.9455,0.794,15,0.7093,1,0.0959,0
38885.82,0.3808,0.52,10,0.7334,0,0.7216,1
47688.62,0.1349,0.0866,15,0.5236,1,0.3118,0
15781.07,0.1092,0.268,18,0.3167,1,0.3812,0
58917.28,0.0064,0.3241,12,0.6939,1,0.0965,0
22624.8,0.744,0.3211,0,0.432,0,0.8101,0
69503.64,0.9814,0.8777,18,0.1997,1,0.8603,1
11761.04,0.9928,0.662,9,0.3621,0,0.1343,1
97709.99,0.7842,0.7349,9,0.4119,1,0.8126,1
70030.06,0.1622,0.0136,12,0.4548,0,0.898,0
22264.31,0.9777,0.4275,19,0.8078,1,0.0973,0
6338.99,0.3278,0.3178,11,0.37,0,0.9974,0
36773.97,0.3336,0.8519,4,0.2563,0,0.0046,0
19517.26,0.6873,0.9539,15,0.8661,1,0.8424,0
25749.08,0.049,0.4233,13,0.2178,0,0.5583,0
87911.27,0.8258,0.9731,1,0.01,0,0.9573,1
62304.44,0.9973,0.0144,11,0.7648,1,0.3381,0
21763.48,0.7751,0.3257,16,0.859,0,0.3608,1
57882.64,0.7817,0.7749,18,0.6139,1,0.8404,0
29299.16,0.3903,0.3601,5,0.3669,1,0.7107,0
97739.08,0.0659,0.921,10,0.4894,1,0.6005,0
8111.94,0.7927,0.2185,17,0.7488,0,0.6444,0
74570.25,0.5972,0.7957,12,0.7968,0,0.6826,0
78434.72,0.9093,0.2017,8,0.0923,1,0.0478,0
11380.46,0.116,0.1971,3,0.7812,1,0.1178,0
21327.59,0.3051,0.4457,0,0.5556,1,0.1813,0
41509.13,0.3607,0.9449,14,0.0291,0,0.1768,0
87474.71,0.6833,0.5855,20,0.0976,0,0.8429,1
56014.99,0.7877,0.635,12,0.041,1,0.3945,1
67254.15,0.961,0.0097,16,0.8537,0,0.4894,0
79386.22,0.2954,0.0566,14,0.3839,0,0.0894,0
83671.66,0.4936,0.0669,7,0.6441,0,0.8706,0
50247.03,0.029,0.8196,10,0.0015,1,0.0103,0
53335.35,0.253,0.2369,5,0.7139,0,0.0833,0
73210.56,0.374,0.3288,4,0.4338,0,0.8121,0
30017.52,0.5938,0.61,12,0.8312,0,0.1306,1
86176.52,0.4708,0.584,13,0.4688,1,0.7934,0
6974.75,0.3645,0.4105,20,0.7099,1,0.3504,0
23598.3,0.6241,0.0043,4,0.5665,1,0.7761,0
81018.99,0.8286,0.4496,6,0.4685,0,0.0504,0
37324.53,0.2417,0.7389,3,0.8534,0,0.3413,0
19234.12,0.3429,0.2352,19,0.446,0,0.4813,0
22741.7,0.7049,0.7084,16,0.8031,1,0.6257,0
55421.86,0.7779,0.0152,6,0.0325,1,0.8362,0
85387.25,0.8254,0.908,20,0.5917,0,0.2445,1
11711.82,0.2093,0.95,14,0.8205,0,0.6589,0
7895.69,0.5393,0.0025,10,0.8093,0,0.1518,0
49190.97,0.9,0.4578,8,0.4365,1,0.7952,0
95837.8,0.392,0.4138,11,0.4249,1,0.9332,0
31505.93,0.4299,0.8419,1,0.7295,0,0.0473,0
96121.2,0.9848,0.5407,3,0.3015,0,0.0799,1
89329.71,0.1131,0.6114,19,0.8434,1,0.7875,0
31897.83,0.7056,0.2025,4,0.2256,1,0.8802,0
82610.07,0.8502,0.0771,3,0.067,1,0.6482,0
70157.39,0.1508,0.6923,18,0.6947,1,0.4612,0
53623.13,0.7145,0.6207,19,0.3643,1,0.7691,1
45177.03,0.4697,0.8323,17,0.3202,1,0.2997,0
82472.76,0.8529,0.8447,2,0.2888,1,0.9918,1
80342.55,0.9075,0.631,17,0.8824,1,0.848,0
76908.95,0.8725,0.5384,5,0.5145,0,0.8871,0
99834.32,0.0644,0.914,0,0.8927,0,0.8549,0
50458.68,0.7569,0.8013,19,0.3092,0,0.9329,1
81657.68,0.9215,0.8824,5,0.3726,0,0.0645,1
86935.44,0.6213,0.9958,13,0.1906,0,0.9086,1
25102.25,0.6009,0.4035,1,0.3873,1,0.2486,0
8996.31,0.045,0.7169,3,0.0558,0,0.3592,0
43451.1,0.856,0.6881,18,0.0005,1,0.3706,1
86389.99,0.0464,0.1741,12,0.4078,1,0.2324,0
32464.81,0.3135,0.6365,20,0.6714,0,0.4384,0
71500.96,0.9259,0.4281,3,0.3934,0,0.5055,0
5698.07,0.9497,0.4506,18,0.4662,1,0.1487,1
38759.62,0.9919,0.1801,18,0.4011,0,0.3595,0
63474.09,0.4764,0.7447,19,0.4741,0,0.3481,0
17326.93,0.1774,0.6979,1,0.698,1,0.6747,0
90177.66,0.4879,0.5323,2,0.7234,0,0.5808,0
19846.03,0.1023,0.1567,11,0.7543,0,0.7161,0
91430.39,0.8725,0.5569,2,0.1912,1,0.7839,1
25556.98,0.5605,0.1001,1,0.4121,1,0.667,0
99456.47,0.4045,0.3394,17,0.7479,1,0.2412,0
62451.13,0.0795,0.3724,14,0.8477,0,0.5021,0
13012.76,0.4052,0.8834,17,0.4887,1,0.4666,0
11201.34,0.8662,0.4156,19,0.4437,1,0.0741,1
12117.56,0.7034,0.5985,2,0.6881,0,0.8945,0
61039.81,0.0825,0.8748,17,0.8925,0,0.0914,1
81910.02,0.1599,0.4258,0,0.3833,1,0.9764,0
43281.46,0.3923,0.8837,7,0.1486,1,0.0317,0
47259.4,0.1014,0.1365,6,0.7509,0,0.7297,0
60982.33,0.934,0.3648,4,0.6394,1,0.2876,0
55638.86,0.6523,0.0947,15,0.1306,0,0.9047,1
70365.86,0.0948,0.5609,2,0.2912,1,0.824,1
49819.64,0.7881,0.9573,16,0.4979,1,0.025,1
72816.77,0.3684,0.657,18,0.6583,1,0.022,0
99744.52,0.2449,0.6261,13,0.7026,0,0.6032,0
38278.3,0.57,0.2782,1,0.1402,1,0.1496,0
6160.47,0.0134,0.9311,12,0.1951,0,0.0142,0
16934.38,0.4654,0.4715,13,0.6697,0,0.9678,0
57583.85,0.8438,0.267,7,0.1045,0,0.6329,1
37704.49,0.9281,0.9877,7,0.4483,0,0.0108,1
94298.35,0.3426,0.4231,9,0.4914,1,0.4905,0
64607.38,0.6424,0.3715,20,0.3054,1,0.1575,0
54433.74,0.2268,0.035,0,0.7167,0,0.8052,0
80813.75,0.5602,0.1783,10,0.0499,1,0.0287,0
29566.04,0.254,0.8092,6,0.6997,0,0.3709,0
82875.16,0.5714,0.4827,11,0.5814,1,0.238,0
5290.8,0.1717,0.9549,0,0.4565,0,0.9809,0
63869.35,0.9412,0.0839,19,0.7851,1,0.0781,1
93801.93,0.8869,0.6159,9,0.182,0,0.7199,1
79846.7,0.3369,0.72,20,0.7207,0,0.478,0
86095.25,0.7767,0.6212,3,0.169,1,0.8165,1
42710.7,0.0955,0.5299,12,0.8914,0,0.2142,0
83302.7,0.7404,0.5783,14,0.0295,1,0.8553,1
57329.01,0.2825,0.6895,16,0.4979,0,0.9504,0
63761.32,0.1356,0.8633,0,0.1512,0,0.2131,0
10596.96,0.6782,0.3363,13,0.3672,1,0.2427,0
24147.41,0.4698,0.4597,3,0.1332,1,0.9637,0
57341.62,0.5301,0.6359,8,0.1744,0,0.4341,0
10586.1,0.5205,0.3142,1,0.0549,1,0.8352,0
75437.45,0.0594,0.1788,1,0.0072,0,0.8424,0
84805.42,0.0514,0.9662,16,0.6474,0,0.3109,0
92434.42,0.6012,0.1947,15,0.4081,1,0.1788,0
14668.0,0.6239,0.2327,18,0.041,1,0.3665,0
94273.42,0.0472,0.6187,14,0.8451,0,0.5919,0
11423.9,0.3784,0.0774,12,0.599,1,0.4971,0
50035.34,0.6129,0.034,2,0.2378,0,0.7368,0
84823.85,0.6567,0.064,16,0.3948,0,0.5488,0
11679.56,0.8283,0.1233,4,0.4403,0,0.8055,0
6731.95,0.4207,0.4292,2,0.5129,0,0.1039,0
7370.03,0.5483,0.8293,15,0.7717,1,0.4391,1
53570.67,0.5786,0.342,12,0.5309,0,0.0161,0
82101.69,0.312,0.4275,3,0.8809,0,0.1208,0
17105.53,0.0538,0.6003,11,0.6541,1,0.3315,0
16837.97,0.0042,0.3021,14,0.8897,1,0.9015,0
59011.95,0.8361,0.4325,10,0.4957,0,0.3802,0
27258.08,0.2002,0.3863,15,0.6106,1,0.2735,0
74370.3,0.6303,0.3419,10,0.6641,1,0.6708,1
95215.36,0.577,0.3884,7,0.6793,1,0.7035,0
77773.17,0.3996,0.0111,4,0.022,1,0.4813,0
88331.66,0.8335,0.8863,5,0.1147,1,0.2885,1
54360.68,0.6984,0.9773,16,0.205,1,0.3018,0
84070.33,0.0227,0.8625,7,0.2443,0,0.1855,0
22375.8,0.7767,0.0057,15,0.8148,1,0.3626,0
11493.05,0.507,0.7509,7,0.6503,0,0.1683,0
67315.55,0.347,0.5731,11,0.129,1,0.6429,0
9935.49,0.7269,0.0942,12,0.3837,0,0.8947,0
89785.73,0.6861,0.9329,10,0.2188,0,0.2543,1
70697.64,0.3106,0.7762,15,0.7469,1,0.2422,0
95459.07,0.983,0.1453,19,0.826,0,0.8982,0
34819.23,0.6487,0.964,18,0.1479,0,0.568,1
51185.04,0.6058,0.1262,19,0.3749,1,0.7298,0
75460.58,0.0699,0.4547,0,0.8576,1,0.8891,0
28064.0,0.2793,0.159,15,0.5914,0,0.665,0
56475.64,0.447,0.1502,15,0.7813,1,0.7425,0
67649.39,0.6306,0.9678,8,0.3219,0,0.3869,1
97986.82,0.5128,0.5721,6,0.1887,1,0.9382,0
75746.81,0.763,0.2592,1,0.6222,1,0.7039,0
16222.43,0.2626,0.7764,17,0.1237,0,0.0717,0
50156.68,0.7022,0.8752,17,0.7559,1,0.5952,0
60933.22,0.8166,0.9176,1,0.6794,1,0.0947,0
18929.2,0.765,0.933,12,0.2744,0,0.5221,1
46036.78,0.7708,0.9056,11,0.4488,0,0.0885,1
31980.55,0.8885,0.6389,3,0.7193,1,0.6272,0
16288.62,0.0842,0.3425,11,0.8414,1,0.4564,0
53643.98,0.6972,0.9256,17,0.3169,0,0.5531,1
20735.14,0.9687,0.1225,6,0.711,1,0.649,0
61101.05,0.5737,0.1688,15,0.175,0,0.2503,0
21121.21,0.2173,0.4338,20,0.8132,0,0.3195,0
73741.52,0.9988,0.2837,9,0.6176,1,0.4821,0
23547.95,0.1747,0.6157,2,0.1375,1,0.5663,0
90147.08,0.3356,0.9053,6,0.6658,1,0.9236,1
7489.89,0.1721,0.491,2,0.6517,1,0.3519,0
54589.75,0.4645,0.5539,7,0.6681,0,0.5917,1
35409.95,0.4189,0.4231,13,0.3104,1,0.9225,0
26382.27,0.4912,0.7076,4,0.6658,1,0.7178,0
49802.26,0.928,0.1007,10,0.7439,0,0.3283,0
84991.86,0.4783,0.0486,20,0.3124,1,0.4147,0
91951.33,0.5146,0.6413,5,0.1872,0,0.8788,0
33808.62,0.8867,0.5349,18,0.7991,0,0.4377,1
19653.14,0.8178,0.4074,6,0.5586,0,0.252,0
73413.34,0.2397,0.334,12,0.4143,0,0.5231,0
60289.88,0.0129,0.0518,3,0.7918,1,0.186,0
24096.53,0.6295,0.6806,5,0.1224,1,0.582,1
77228.1,0.8448,0.4215,18,0.7295,0,0.9915,1
54298.39,0.5529,0.4453,12,0.4417,1,0.9693,0
67072.54,0.2112,0.8934,11,0.0383,1,0.6138,0
39137.21,0.7414,0.7375,10,0.8754,0,0.8863,0
46714.27,0.6695,0.2194,5,0.7003,1,0.8152,0
22132.5,0.565,0.6572,19,0.1933,1,0.9507,1
76869.01,0.8633,0.1323,8,0.8313,0,0.8731,1
19916.08,0.7842,0.1941,0,0.8418,0,0.8998,0
78938.75,0.668,0.7141,19,0.7204,1,0.2295,0
80810.75,0.6648,0.1259,0,0.1145,0,0.158,0
75927.09,0.6622,0.2802,18,0.1677,0,0.044,0
6845.16,0.5252,0.8981,5,0.6786,0,0.6593,0
30947.66,0.4639,0.7383,1,0.8224,0,0.9335,0
49492.09,0.7096,0.9295,4,0.1935,1,0.9938,1
61576.72,0.6105,0.8818,13,0.4147,0,0.8523,1
92326.1,0.49,0.3126,11,0.1393,0,0.831,0
40682.57,0.1267,0.6324,3,0.4302,1,0.5189,0
88127.22,0.7019,0.3787,6,0.5783,1,0.452,0
20525.78,0.646,0.6971,4,0.0167,1,0.6403,1
40271.65,0.3422,0.3485,13,0.5786,1,0.0227,0
9966.79,0.3563,0.0013,18,0.5758,0,0.7943,0
75536.48,0.2467,0.0939,5,0.4095,1,0.6575,0
19312.01,0.9619,0.771,18,0.8059,0,0.17,0
29416.9,0.8602,0.084,8,0.1213,0,0.6357,0
78647.16,0.561,0.5994,1,0.0462,0,0.5995,1
55798.09,0.4017,0.8578,6,0.4462,1,0.788,0
6327.41,0.7368,0.7411,18,0.4797,1,0.8375,1
5212.34,0.5277,0.4134,16,0.24,0,0.2534,0
53512.76,0.9759,0.2086,15,0.8655,0,0.8145,0
33970.77,0.0551,0.9225,8,0.2284,1,0.1821,0
22129.59,0.0343,0.5664,16,0.2431,1,0.3942,1
63291.42,0.5686,0.4054,14,0.7299,1,0.4926,0
26701.46,0.2033,0.9421,16,0.8305,1,0.8049,0
61259.68,0.6043,0.215,11,0.4825,0,0.9011,0
41030.27,0.7814,0.4423,10,0.0171,0,0.0172,0
22740.89,0.1381,0.1086,20,0.3199,1,0.7372,0
18119.95,0.4406,0.1249,19,0.2015,1,0.8775,0
27501.76,0.6887,0.3986,11,0.4599,0,0.9543,0
7834.05,0.8339,0.6997,4,0.6143,1,0.2679,0
34272.06,0.4963,0.3389,8,0.3532,0,0.173,0
90685.7,0.2062,0.6896,10,0.4836,1,0.4989,0
83979.4,0.5858,0.8052,14,0.6839,1,0.901,0
40340.36,0.4545,0.8776,6,0.2215,1,0.3156,0
59704.19,0.7719,0.0447,0,0.1764,0,0.5051,0
58899.25,0.5556,0.7737,17,0.7251,0,0.9956,0
83730.07,0.2794,0.1471,19,0.0333,1,0.456,1
27447.56,0.7544,0.6983,1,0.1355,1,0.6283,1
33156.81,0.5177,0.3717,6,0.0111,0,0.9956,0
33669.62,0.1775,0.7078,9,0.4998,0,0.3673,0
8882.65,0.5631,0.2138,15,0.5401,1,0.2729,0
34895.35,0.9483,0.645,16,0.4779,1,0.2827,1
88401.81,0.7055,0.1255,7,0.3728,1,0.617,0
91638.83,0.2988,0.1697,6,0.4761,0,0.1627,0
15415.36,0.7109,0.6145,8,0.1745,0,0.1645,1
48515.56,0.2826,0.3368,5,0.7436,0,0.2601,0
41228.15,0.5427,0.7038,9,0.8827,0,0.5409,0
51489.12,0.5266,0.6852,5,0.4866,0,0.8442,0
57698.35,0.2474,0.6216,1,0.3369,0,0.5293,0
6924.58,0.3479,0.7305,14,0.7126,0,0.7826,0
85013.01,0.9422,0.7939,16,0.1738,1,0.9576,1
97498.09,0.2506,0.9114,6,0.2887,0,0.74,0
67073.46,0.801,0.0805,8,0.846,1,0.6428,1
67742.96,0.6674,0.5715,8,0.1677,0,0.0082,1
55158.09,0.5326,0.7488,0,0.1009,1,0.4484,0
36755.97,0.1375,0.2169,11,0.4917,1,0.268,0
19152.89,0.2046,0.2636,9,0.5287,1,0.5124,0
60486.02,0.179,0.267,19,0.5374,1,0.9511,0
9269.43,0.5868,0.5723,7,0.148,0,0.3204,1
83327.74,0.9734,0.3662,16,0.649,0,0.1608,0
44986.61,0.8772,0.6661,8,0.2181,0,0.8259,1
44401.65,0.0253,0.6102,3,0.8533,1,0.9906,0
36081.23,0.2737,0.6571,7,0.2052,0,0.7801,0
97088.62,0.1573,0.2523,18,0.0156,1,0.1384,0
21617.11,0.9757,0.7674,5,0.5111,1,0.5507,0
19374.24,0.2356,0.664,17,0.1826,0,0.4052,0
20725.49,0.2013,0.1306,13,0.5657,1,0.6334,0
67560.11,0.6209,0.2002,15,0.2063,1,0.6686,0
99230.06,0.5562,0.301,15,0.3853,1,0.8071,0
27370.14,0.2259,0.936,10,0.1616,0,0.2401,0
91033.65,0.6704,0.3263,12,0.3859,0,0.9647,0
31468.57,0.097,0.0199,1,0.1229,1,0.2147,1
66550.49,0.0194,0.1416,14,0.3042,0,0.1241,0
8847.4,0.0824,0.0322,14,0.179,1,0.8289,0
52087.13,0.3649,0.4028,2,0.7345,1,0.4632,0
67184.15,0.975,0.7972,10,0.6564,0,0.4902,0
55950.38,0.5472,0.4504,10,0.1501,0,0.3187,0
27594.36,0.7547,0.839,6,0.0746,1,0.0464,1
83707.21,0.3215,0.0475,1,0.0232,1,0.1936,0
97162.97,0.7193,0.4697,0,0.204,0,0.7616,1
48623.63,0.9662,0.7871,4,0.4322,1,0.2244,1
65412.33,0.3578,0.6747,4,0.3599,1,0.9927,0
80089.26,0.9991,0.8528,4,0.8743,1,0.7862,0
27941.46,0.6384,0.2738,12,0.713,0,0.8486,0
87122.79,0.7486,0.5009,8,0.0704,1,0.8733,1
31619.09,0.2522,0.6769,2,0.143,1,0.7189,1
78703.93,0.6431,0.1685,1,0.0239,0,0.4662,0
15649.43,0.511,0.8158,13,0.1244,1,0.917,0
32396.74,0.9564,0.3115,19,0.4765,0,0.4265,0
55693.89,0.9047,0.0933,17,0.0691,0,0.0958,0
54867.6,0.3967,0.7657,15,0.0539,0,0.5964,0
85790.96,0.9469,0.705,6,0.1063,1,0.1056,1
99632.09,0.8848,0.8837,14,0.6025,1,0.6554,0
15185.03,0.5904,0.8921,1,0.0174,0,0.9975,1
30781.87,0.0821,0.2785,3,0.8727,1,0.6752,0
38971.83,0.1608,0.6414,2,0.3427,1,0.2106,0
50497.25,0.0769,0.9991,3,0.3029,1,0.1379,0
51921.43,0.108,0.2438,7,0.4273,1,0.3564,1
86338.53,0.977,0.4729,0,0.4661,1,0.1458,0
78203.13,0.2122,0.9102,17,0.378,0,0.5697,1
6790.9,0.6909,0.1031,15,0.4377,0,0.7831,0
48227.07,0.6365,0.9282,13,0.3058,0,0.6581,1
63717.01,0.6311,0.4882,3,0.2898,1,0.6172,1
48737.58,0.2067,0.893,18,0.0246,0,0.4356,0
17411.3,0.5793,0.6214,0,0.6046,0,0.1727,0
42760.04,0.6255,0.6714,20,0.5555,1,0.6378,0
44107.29,0.5704,0.773,15,0.6019,0,0.4193,0
22833.01,0.1862,0.0671,4,0.8469,1,0.3055,0
76849.18,0.7231,0.6278,4,0.4258,0,0.6593,1
35533.06,0.0732,0.9239,14,0.7936,0,0.3785,0
60953.79,0.5912,0.9561,16,0.3995,1,0.1683,1
53994.37,0.4363,0.9683,9,0.4299,0,0.4835,0
88355.57,0.2503,0.6458,1,0.5697,0,0.2892,0
16591.42,0.8074,0.6333,10,0.1943,1,0.7335,1
15854.99,0.1759,0.5525,10,0.1956,0,0.0471,0
33530.37,0.933,0.6076,6,0.4588,0,0.8528,1
45965.42,0.8846,0.6121,18,0.0617,1,0.4613,1
33361.51,0.3606,0.0424,7,0.213,0,0.0159,0
77502.77,0.3052,0.0889,5,0.7141,0,0.1334,0
28300.26,0.1375,0.6194,14,0.4174,1,0.9454,1
13053.6,0.9163,0.3142,12,0.024,0,0.537,0
44310.98,0.6275,0.3014,13,0.0547,0,0.7685,0
78471.03,0.0318,0.1934,10,0.8276,1,0.8828,0
85803.38,0.511,0.8011,6,0.861,1,0.3203,0
74667.76,0.0858,0.9643,5,0.577,1,0.5469,0
57999.23,0.5738,0.6278,2,0.1665,0,0.6503,1
73798.21,0.509,0.9454,3,0.3313,1,0.8416,0
69732.01,0.0828,0.8839,12,0.2749,1,0.4201,0
27264.83,0.8159,0.2179,8,0.7066,1,0.9518,0
57322.09,0.2623,0.1535,15,0.4834,0,0.6071,0
78207.89,0.5415,0.2116,16,0.7017,0,0.8739,0
35126.46,0.639,0.0962,11,0.3245,0,0.0834,0
67127.45,0.9623,0.5829,2,0.7826,0,0.4633,0
50740.64,0.4938,0.2827,0,0.3862,0,0.1792,0
52800.09,0.9173,0.9129,4,0.3756,0,0.9119,1
13555.23,0.3549,0.6134,5,0.4402,1,0.235,1
68290.63,0.8574,0.3596,1,0.5326,0,0.713,0
87240.27,0.2358,0.9846,16,0.8047,1,0.0629,0
18435.97,0.7075,0.9532,7,0.412,1,0.2008,1
39780.04,0.0886,0.7786,15,0.8371,0,0.3199,1
9623.41,0.9861,0.7917,4,0.3543,0,0.7819,0
7815.03,0.9539,0.9773,0,0.2921,1,0.2512,1
99017.56,0.4422,0.6005,2,0.2655,0,0.8169,0
51879.79,0.5239,0.88,9,0.019,0,0.7886,0
38774.31,0.5978,0.0648,10,0.7642,0,0.9922,0
31113.32,0.275,0.5541,9,0.0713,0,0.6771,0
98101.2,0.6745,0.5025,20,0.3009,1,0.6374,1
28963.82,0.6986,0.0377,13,0.2254,0,0.6015,0
73942.3,0.5251,0.087,15,0.67,0,0.1096,0
31957.02,0.1477,0.0218,2,0.8393,1,0.5132,0
11696.5,0.9192,0.294,9,0.735,1,0.8515,0
69911.28,0.115,0.0535,13,0.288,0,0.0209,0
5154.93,0.6292,0.4232,12,0.4102,0,0.1267,0
69196.11,0.1031,0.8127,19,0.2223,0,0.6005,1
28785.78,0.1461,0.6138,9,0.8316,0,0.847,0
75879.9,0.0205,0.6738,7,0.1069,1,0.3073,1
78126.27,0.3634,0.0315,19,0.8568,0,0.8715,0
73790.19,0.6396,0.8395,7,0.7323,1,0.3375,1
7325.93,0.5215,0.1462,11,0.6404,0,0.4655,0
71854.98,0.6745,0.3027,0,0.6966,0,0.953,0
99063.83,0.675,0.5168,3,0.3054,0,0.4176,1
28049.41,0.1402,0.93,1,0.2663,1,0.5995,0
31052.66,0.0573,0.9981,8,0.3433,1,0.9355,0
82285.02,0.6254,0.7827,19,0.1635,0,0.2644,0
20237.7,0.6532,0.7293,1,0.6717,1,0.0919,0
67755.45,0.5567,0.5277,20,0.4275,0,0.958,1
76727.51,0.2458,0.6656,18,0.7972,1,0.5598,0
8530.26,0.8108,0.1444,0,0.7905,0,0.9658,0
57607.4,0.0757,0.2692,0,0.1403,0,0.8667,0
59708.34,0.6323,0.9846,18,0.1969,1,0.5946,1
33827.08,0.1204,0.9796,12,0.3696,0,0.4713,0
88252.74,0.6544,0.323,3,0.1069,1,0.4803,0
20461.22,0.4177,0.241,20,0.6205,0,0.166,1
39598.5,0.7181,0.2295,11,0.6638,0,0.4536,0
85623.53,0.0522,0.4849,13,0.6492,0,0.8217,0
23111.06,0.5551,0.2238,14,0.4232,0,0.9888,0
83030.54,0.1449,0.6485,4,0.7589,0,0.9603,0
12511.57,0.6824,0.0748,7,0.5453,0,0.9622,0
51476.76,0.12,0.1037,2,0.8943,0,0.019,0
12156.41,0.0736,0.2769,11,0.7339,1,0.5158,0
69400.84,0.7131,0.7774,20,0.65,1,0.2001,0
80107.14,0.0635,0.3233,13,0.111,1,0.6153,0
85736.56,0.2245,0.4708,14,0.7493,1,0.9458,0
98219.91,0.8247,0.6566,4,0.275,1,0.8767,1
68841.49,0.8097,0.7885,11,0.377,0,0.8666,1
78060.88,0.8541,0.3071,20,0.4165,1,0.3657,0
53047.04,0.3261,0.731,1,0.2982,0,0.5012,0
91710.01,0.528,0.2861,4,0.0976,1,0.2819,0
66157.05,0.7733,0.6445,15,0.1794,0,0.5539,1
88937.38,0.137,0.4509,0,0.7231,1,0.3034,0
27367.94,0.7244,0.9266,4,0.587,0,0.8087,0
52190.09,0.0975,0.9821,19,0.8486,1,0.4644,0
74332.8,0.9133,0.7741,0,0.739,0,0.7004,0
24258.57,0.6373,0.9155,9,0.362,0,0.8727,1
25077.28,0.4933,0.1365,6,0.7076,0,0.2997,0
97914.06,0.4847,0.6545,8,0.5188,1,0.6221,0
46287.98,0.1814,0.1984,5,0.2577,0,0.8458,0
22272.47,0.3459,0.277,5,0.8776,0,0.9507,0
36489.07,0.7271,0.5228,15,0.8356,1,0.1631,0
42750.73,0.5409,0.742,0,0.101,0,0.6814,0
64193.1,0.5293,0.7215,2,0.7555,1,0.4352,0
92686.39,0.1952,0.8695,5,0.0699,0,0.2855,0
98726.06,0.6904,0.5593,17,0.8359,0,0.1577,0
66911.38,0.392,0.9263,8,0.5617,0,0.5854,0
71492.62,0.1828,0.8879,0,0.1499,0,0.3341,0
35573.77,0.9438,0.8491,10,0.7355,1,0.6679,0
86430.07,0.5068,0.2295,13,0.4642,1,0.281,0
25690.84,0.528,0.5314,9,0.0536,0,0.0006,0
15106.16,0.9814,0.7362,1,0.7186,0,0.7672,1
97459.32,0.3664,0.9761,18,0.7095,0,0.1613,0
87093.17,0.943,0.0116,18,0.4339,1,0.2525,0
33846.29,0.6949,0.3271,19,0.658,1,0.2354,0
69141.22,0.6331,0.3424,20,0.0361,0,0.3422,0
49366.74,0.2344,0.2885,6,0.2863,1,0.4853,0
35697.18,0.0518,0.8174,8,0.6059,0,0.8125,0
32243.55,0.4378,0.0451,20,0.2075,0,0.6502,0
17922.61,0.0102,0.3594,9,0.4054,1,0.146,1
57185.22,0.071,0.7117,18,0.8388,0,0.1837,0
47426.69,0.5953,0.4067,13,0.7441,0,0.8471,0
53657.71,0.7245,0.1441,19,0.5022,0,0.2499,1
25458.93,0.1679,0.6109,0,0.519,1,0.2187,0
94168.01,0.7325,0.5226,14,0.7983,1,0.0036,0
65666.16,0.9497,0.9818,16,0.7768,1,0.7741,0
90462.06,0.7432,0.7485,4,0.0795,0,0.7385,1
15380.76,0.7847,0.9862,15,0.419,0,0.3476,1
64170.84,0.7007,0.1864,4,0.1718,1,0.0073,0
85698.87,0.2247,0.7616,19,0.0749,1,0.7856,0
36437.47,0.3609,0.5516,19,0.2632,0,0.0994,0
23538.6,0.9493,0.7125,0,0.5496,0,0.4605,0
30177.02,0.6612,0.4676,10,0.7149,1,0.8401,0
30928.7,0.789,0.2124,8,0.8212,1,0.2443,0
47483.9,0.9687,0.0457,18,0.3807,0,0.3797,0
35966.54,0.2314,0.8383,6,0.3801,0,0.6609,0
30771.04,0.3217,0.8148,15,0.1379,0,0.6732,0
66608.67,0.6448,0.1625,2,0.1754,0,0.4627,0
10038.08,0.0244,0.6452,4,0.0922,0,0.4338,0
37334.56,0.5712,0.7377,20,0.8783,0,0.4195,0
70526.44,0.8087,0.5576,8,0.1148,0,0.486,0
21705.73,0.6104,0.3172,16,0.681,1,0.3466,0
25988.15,0.2954,0.8809,20,0.286,1,0.2564,0
24063.33,0.7241,0.6424,20,0.4834,0,0.3161,1
5087.98,0.146,0.7202,0,0.7854,1,0.4778,0
50007.94,0.8948,0.6521,4,0.8426,1,0.3821,1
8701.08,0.1009,0.7213,15,0.2162,0,0.5855,0
30929.28,0.8635,0.1451,19,0.8201,0,0.6311,0
99506.33,0.4978,0.9226,20,0.2268,1,0.9961,0
92247.64,0.4286,0.2858,15,0.7243,0,0.6152,0
25432.2,0.5007,0.8366,2,0.0137,0,0.7346,0
34450.23,0.2002,0.8934,15,0.4817,1,0.098,0
49051.94,0.4577,0.6512,5,0.6532,1,0.7604,0
85219.29,0.8497,0.5983,16,0.755,0,0.5089,0
81251.36,0.801,0.109,11,0.757,0,0.8666,0
16992.94,0.163,0.4362,3,0.269,0,0.9709,0
16822.64,0.6734,0.6116,17,0.7678,0,0.2304,0
44589.56,0.8568,0.0819,20,0.2913,0,0.9287,0
87659.06,0.8198,0.1115,10,0.2104,0,0.6716,0
88798.07,0.4256,0.9935,17,0.0013,0,0.7391,0
15199.76,0.0481,0.3322,1,0.2121,0,0.4724,0
59558.24,0.9312,0.3497,5,0.1066,0,0.3548,1
19789.14,0.3959,0.2515,2,0.6074,1,0.8,0
70182.28,0.361,0.646,5,0.1303,1,0.022,0
92061.16,0.7595,0.4731,7,0.5268,0,0.5406,0
48203.08,0.264,0.7904,9,0.1138,1,0.0738,0
12892.86,0.8347,0.5125,6,0.634,0,0.2546,0
60029.15,0.0761,0.0154,11,0.257,1,0.7252,0
43809.08,0.7407,0.4827,4,0.2778,1,0.7547,1
82035.38,0.9658,0.0552,7,0.5763,0,0.889,0
37332.72,0.9958,0.8268,17,0.8451,0,0.7154,0
88115.23,0.9238,0.1137,11,0.8924,0,0.6747,0
31001.54,0.8708,0.217,0,0.3215,0,0.9451,0
19964.18,0.2789,0.46,6,0.8517,0,0.5374,0
34115.64,0.9666,0.1952,17,0.5511,1,0.6539,0
8317.0,0.9279,0.5392,3,0.8158,1,0.8681,0
31718.37,0.5344,0.4607,19,0.0251,0,0.7637,0
67711.18,0.4021,0.9525,6,0.0299,0,0.7699,1
18516.88,0.1093,0.0884,13,0.0671,1,0.5368,0
15579.67,0.5906,0.5767,9,0.724,1,0.5278,0
17576.6,0.7005,0.7204,13,0.1242,1,0.6487,1
12367.41,0.404,0.1276,16,0.1589,1,0.7005,1
88090.36,0.406,0.6365,3,0.5269,0,0.5461,0
94690.94,0.5733,0.8642,7,0.8617,1,0.1855,0
9423.31,0.0278,0.7876,11,0.5104,0,0.2484,0
77206.82,0.9579,0.9352,5,0.6593,1,0.4931,1
75029.42,0.2899,0.7206,7,0.169,0,0.2041,0
99706.4,0.1409,0.394,18,0.8228,0,0.4235,0
38047.71,0.0055,0.9205,4,0.0503,1,0.1471,0
32123.35,0.8569,0.2254,3,0.2545,1,0.1462,0
48042.8,0.8632,0.5837,12,0.4084,1,0.8432,1
86374.64,0.0953,0.7657,2,0.2036,1,0.5422,0
74216.4,0.1522,0.8723,0,0.5974,1,0.7804,0
49804.26,0.4479,0.9165,18,0.6109,0,0.0115,0
28233.47,0.1857,0.085,5,0.1907,0,0.2856,0
74066.5,0.7358,0.7261,2,0.0077,0,0.0177,1
86180.05,0.058,0.2041,13,0.0669,1,0.0034,1
42995.37,0.5497,0.7791,10,0.0004,0,0.032,0
68515.62,0.3828,0.7007,9,0.8149,0,0.5215,0
43020.14,0.4649,0.1814,9,0.5595,1,0.0908,0
50456.88,0.4248,0.8328,3,0.1246,1,0.7984,0
54866.49,0.1532,0.4618,18,0.0833,0,0.5162,0
78693.95,0.2203,0.5439,0,0.7358,0,0.2454,1
97863.07,0.0648,0.9714,10,0.7299,0,0.8387,0
47214.79,0.1153,0.6566,5,0.8346,1,0.5096,0
37519.93,0.9779,0.5886,13,0.1433,1,0.3508,0
40491.15,0.2798,0.0168,11,0.47,0,0.568,0
17719.46,0.307,0.1992,8,0.1093,1,0.6726,0
33209.18,0.1271,0.0266,11,0.7161,0,0.5588,0
13212.5,0.7552,0.3333,4,0.3712,1,0.9328,1
45649.96,0.9241,0.3445,2,0.6262,0,0.354,0
20898.94,0.7898,0.5303,19,0.0273,0,0.4099,1
37908.64,0.6126,0.6898,12,0.7001,1,0.8589,0
80389.89,0.8132,0.1793,13,0.2065,1,0.6375,0
28363.13,0.4042,0.6017,20,0.7585,1,0.9663,0
63129.99,0.8595,0.917,18,0.1673,0,0.7922,1
90612.23,0.7985,0.185,12,0.7111,1,0.5129,0
58858.27,0.0017,0.6591,16,0.1207,0,0.6347,0
23410.3,0.4878,0.0456,11,0.5971,0,0.4061,0
37752.79,0.2646,0.5311,4,0.7013,0,0.1276,0
61085.07,0.0862,0.7415,13,0.3476,1,0.4071,0
53128.06,0.8462,0.034,19,0.2199,1,0.2815,0
19118.88,0.0079,0.3337,18,0.3101,0,0.6781,0
47445.65,0.7302,0.878,10,0.2669,1,0.6692,1
56591.34,0.9882,0.2255,19,0.5698,1,0.9374,0
30396.61,0.482,0.7229,4,0.0401,1,0.0795,0
63182.32,0.3712,0.6122,0,0.0373,0,0.4676,0
11665.21,0.6058,0.1637,8,0.259,0,0.3986,0
36977.67,0.8047,0.7417,4,0.2493,1,0.5274,0
81406.3,0.2403,0.5321,20,0.1594,1,0.1196,0
29632.06,0.2507,0.112,2,0.6451,1,0.4914,0
62491.8,0.6072,0.9494,11,0.0214,1,0.657,0
43952.82,0.9399,0.492,16,0.8318,0,0.3138,0
35063.71,0.2984,0.7451,2,0.6817,0,0.6504,0
92032.51,0.3768,0.2177,0,0.3627,1,0.2657,0
37609.86,0.9933,0.1372,11,0.773,1,0.3693,0
27484.21,0.1762,0.7413,18,0.5563,0,0.9073,0
91383.62,0.077,0.6738,0,0.5132,0,0.0251,0
75864.71,0.5898,0.2741,0,0.2817,0,0.2728,0
69770.97,0.0243,0.7463,19,0.5968,1,0.9357,0
9705.82,0.1804,0.505,12,0.1257,0,0.147,0
17464.47,0.6222,0.3486,14,0.4724,1,0.3974,0
65642.3,0.6595,0.7869,5,0.1045,0,0.4541,1
24896.12,0.5104,0.6168,6,0.4006,0,0.6526,0
26435.61,0.3837,0.5073,9,0.5546,0,0.6118,0
79018.16,0.5762,0.7731,4,0.14,0,0.6268,1
32162.87,0.6434,0.5448,9,0.1999,1,0.9404,1
11800.79,0.8035,0.9385,20,0.7319,1,0.3928,0
8461.03,0.7928,0.8181,15,0.2301,1,0.4898,1
47101.91,0.6648,0.3582,18,0.086,1,0.964,0
63627.21,0.8942,0.4649,10,0.2976,0,0.1282,1
87544.1,0.838,0.9573,16,0.8416,0,0.9482,0
15526.42,0.1332,0.8952,8,0.6244,1,0.9483,0
23683.92,0.9567,0.1912,12,0.5179,1,0.9535,0
55331.06,0.8917,0.2743,15,0.7564,1,0.067,0
39590.29,0.3209,0.3644,17,0.5942,1,0.5776,0
50841.06,0.0202,0.8798,19,0.73,0,0.8382,0
92791.84,0.604,0.9274,2,0.5914,0,0.3137,0
56764.71,0.4384,0.8023,16,0.7778,0,0.5906,0
44436.46,0.7496,0.2757,14,0.5616,0,0.2564,0
98996.79,0.5246,0.8871,15,0.2384,1,0.1296,0
11195.49,0.0765,0.0329,0,0.037,0,0.8523,1
93550.78,0.2447,0.4228,10,0.0948,0,0.9812,0
52657.87,0.8825,0.3776,20,0.4612,1,0.0697,0
52856.85,0.0377,0.5352,18,0.8746,0,0.1213,0
92586.61,0.7367,0.5606,4,0.6835,0,0.5886,1
53195.78,0.2919,0.2254,10,0.6979,1,0.0863,0
46648.67,0.4526,0.2046,18,0.5974,1,0.6312,0
30886.42,0.531,0.8036,19,0.8131,1,0.7195,0
67587.59,0.2501,0.0762,6,0.6619,0,0.4146,0
59116.28,0.652,0.4933,16,0.2325,1,0.7562,1
25362.82,0.6934,0.1916,17,0.4495,0,0.1136,0
72394.23,0.0851,0.3196,3,0.3639,1,0.3012,0
66188.25,0.3739,0.2773,0,0.1489,1,0.8076,0
42746.72,0.7444,0.7085,0,0.2001,0,0.0883,1
5418.09,0.7216,0.456,3,0.2566,0,0.2851,1
47425.21,0.5446,0.2994,15,0.1563,1,0.6212,0
5575.52,0.7777,0.8314,8,0.1956,0,0.2474,1
12124.86,0.1076,0.0858,14,0.8248,1,0.4809,0
45907.94,0.1182,0.7664,1,0.3089,1,0.8372,0
12782.39,0.6575,0.2483,12,0.7448,0,0.2697,0
31188.22,0.6933,0.918,15,0.058,1,0.4359,1
67271.68,0.8145,0.0056,20,0.8836,0,0.0183,1
34318.46,0.181,0.5567,6,0.6883,0,0.7084,0
99776.62,0.5168,0.6223,11,0.816,0,0.3551,0
92048.69,0.6608,0.5773,10,0.4733,0,0.8601,1
60604.44,0.2237,0.815,7,0.5711,1,0.0886,0
96859.98,0.5169,0.1122,13,0.3247,0,0.7822,0
87461.64,0.6384,0.4156,11,0.3888,1,0.8138,0
35295.36,0.2144,0.8637,17,0.6757,0,0.7761,0
76211.64,0.3756,0.8887,0,0.045,1,0.7344,0
17999.02,0.2163,0.4983,4,0.0329,1,0.2378,0
70032.39,0.9029,0.558,12,0.7874,0,0.4167,0
51652.77,0.2368,0.7639,12,0.099,0,0.386,0
6598.46,0.1208,0.7796,18,0.6489,1,0.241,0
31051.83,0.0352,0.8881,14,0.1796,1,0.4917,0
95761.31,0.045,0.8439,0,0.3296,0,0.6975,0
35003.99,0.1916,0.4144,10,0.2642,1,0.4787,0
22238.17,0.6082,0.6498,17,0.4413,1,0.9745,1
22815.49,0.0176,0.4832,18,0.744,0,0.7088,0
50525.26,0.2867,0.118,16,0.788,1,0.4427,0
85051.68,0.0582,0.8217,10,0.1998,0,0.404,0
77010.17,0.4037,0.6018,2,0.3039,1,0.5836,0
46500.94,0.0486,0.058,4,0.7532,1,0.4318,0
24829.05,0.6075,0.6769,17,0.0807,0,0.2219,0
9376.17,0.6884,0.2831,7,0.1052,0,0.521,0
48949.88,0.7313,0.0693,16,0.4316,0,0.6727,0
82403.66,0.2243,0.6066,0,0.7111,1,0.3584,0
74319.79,0.8685,0.7322,10,0.3024,0,0.2833,1
43817.07,0.6903,0.5173,19,0.0625,1,0.2174,1
61496.75,0.0567,0.0056,5,0.8711,1,0.3628,0
46443.42,0.4408,0.5769,0,0.845,0,0.2444,0
60006.53,0.7678,0.0066,6,0.5867,0,0.7631,1
54163.0,0.3109,0.9264,1,0.6137,1,0.6387,1
69691.83,0.3816,0.2673,12,0.8403,1,0.2869,0
53232.34,0.6296,0.871,4,0.5795,0,0.9918,0
94358.04,0.0555,0.0121,5,0.7096,0,0.6457,0
45662.68,0.9669,0.0972,12,0.4172,1,0.1425,0
6512.05,0.1745,0.4514,6,0.2052,1,0.8293,0
27455.49,0.0267,0.7586,13,0.7493,1,0.7537,0
52557.65,0.0053,0.9426,19,0.6159,0,0.5,0
56354.33,0.3996,0.5211,19,0.2606,1,0.2335,1
57476.55,0.8843,0.3555,15,0.5609,0,0.8109,0
72882.45,0.8198,0.0446,20,0.7348,1,0.1245,1
31091.57,0.912,0.5837,15,0.2433,1,0.418,1
68165.85,0.5338,0.38,1,0.6913,0,0.8173,0
71883.07,0.4487,0.9091,20,0.0651,0,0.8014,0
44071.67,0.3859,0.4801,11,0.5625,0,0.6299,0
43206.06,0.0464,0.7654,0,0.899,0,0.0077,0
21997.85,0.9095,0.8482,13,0.7797,0,0.3331,0
44328.8,0.4962,0.0983,5,0.7881,1,0.8532,0
79747.55,0.4551,0.4408,11,0.6123,0,0.7214,1
91352.44,0.5152,0.8937,13,0.4151,0,0.8106,1
61393.25,0.7942,0.4245,0,0.6095,1,0.063,0
33440.18,0.2245,0.5652,9,0.2891,1,0.9408,0
69817.52,0.7099,0.8731,1,0.4975,1,0.229,1
75313.89,0.7108,0.2326,2,0.4857,1,0.3323,0
36560.21,0.8496,0.8946,4,0.4894,1,0.8406,1
83522.05,0.0087,0.397,16,0.3708,0,0.4062,0
12001.1,0.1704,0.593,8,0.3175,1,0.6431,0
6021.6,0.471,0.328,0,0.2973,0,0.5524,0
16682.22,0.8505,0.5271,15,0.2023,0,0.8661,0
19820.79,0.9651,0.0493,11,0.3947,0,0.1561,0
88498.26,0.5949,0.0653,2,0.106,0,0.0978,1
45373.26,0.2121,0.4147,11,0.8114,0,0.6324,0
31118.51,0.1846,0.335,5,0.0627,0,0.8446,0
45762.14,0.6394,0.6158,13,0.7537,0,0.9231,0
42509.88,0.2101,0.0379,19,0.2171,1,0.3999,0
33638.86,0.5531,0.1677,6,0.7679,1,0.7349,0
18100.46,0.8348,0.2096,15,0.6482,1,0.3908,0
67311.97,0.3898,0.4405,0,0.8289,0,0.3189,0
17977.42,0.3785,0.2468,8,0.7832,0,0.0242,0
78665.32,0.0361,0.1377,18,0.631,1,0.2501,0
24160.36,0.2541,0.5976,1,0.1365,0,0.1702,1
74480.27,0.6982,0.7439,19,0.4941,1,0.2686,1
81530.68,0.3604,0.6853,1,0.3058,0,0.2887,0
16905.97,0.1583,0.2762,10,0.7972,0,0.8589,0
13240.85,0.1058,0.8544,3,0.785,0,0.2034,0
95209.41,0.0951,0.6118,0,0.2826,1,0.8193,0
48989.45,0.6591,0.6147,7,0.6045,0,0.8593,1
64872.37,0.6126,0.2128,12,0.3045,0,0.4638,0
7209.74,0.5185,0.2422,15,0.6104,0,0.7245,0
31477.47,0.5003,0.4748,6,0.5525,0,0.3186,1
53012.78,0.1531,0.2378,10,0.4599,1,0.0178,1
89190.74,0.5006,0.6881,3,0.7906,1,0.7097,0
30786.74,0.0599,0.3086,15,0.2214,0,0.6064,1
78643.18,0.9259,0.1519,3,0.7177,0,0.4614,0
67910.23,0.058,0.1516,18,0.6206,0,0.8987,0
15950.72,0.4235,0.1272,3,0.2531,0,0.7273,1
32870.64,0.0006,0.4398,13,0.3795,1,0.4256,0
27597.08,0.7862,0.003,6,0.0621,1,0.0534,0
47040.12,0.1662,0.5424,20,0.5378,1,0.8761,0
65356.75,0.9249,0.2983,5,0.7991,1,0.9846,0
46174.88,0.044,0.5525,19,0.106,1,0.6345,0
28230.97,0.8208,0.9354,17,0.1188,1,0.7682,1
71108.48,0.6566,0.869,9,0.4271,1,0.506,1
60524.75,0.2497,0.5764,10,0.2531,1,0.2366,0
54334.82,0.2024,0.4181,7,0.2492,1,0.9121,0
57669.86,0.3577,0.6984,8,0.5748,1,0.6884,0
26080.56,0.8284,0.9231,9,0.3692,0,0.5486,1
69640.95,0.862,0.4895,3,0.7602,1,0.6821,0
41812.55,0.1753,0.0993,6,0.386,1,0.5119,0
39529.44,0.3534,0.7661,18,0.5537,0,0.0584,0
19224.75,0.2375,0.0105,20,0.3581,1,0.6604,0
61699.55,0.1226,0.7646,1,0.2304,1,0.0052,0
62253.12,0.6464,0.0849,15,0.4242,0,0.2203,0
37328.56,0.3459,0.1066,5,0.6484,1,0.156,0
86685.76,0.2254,0.7817,13,0.8575,1,0.3401,0
85318.5,0.866,0.6895,13,0.038,0,0.9083,1
15360.16,0.7483,0.5619,18,0.4786,0,0.0797,0
71028.65,0.7738,0.8206,14,0.5724,0,0.3574,0
42414.3,0.0392,0.8514,17,0.0771,0,0.7596,0
99972.91,0.9151,0.4575,16,0.7463,0,0.8631,0
26377.24,0.5747,0.9963,13,0.2484,1,0.7361,1
31649.8,0.5038,0.3576,8,0.7874,0,0.9652,0
47000.1,0.0106,0.1715,7,0.4973,1,0.6959,0
30527.94,0.8977,0.846,7,0.1369,0,0.7448,1
70739.37,0.5439,0.4156,7,0.6653,1,0.4221,1
50686.27,0.8252,0.8745,6,0.1415,0,0.3021,1
25983.49,0.6555,0.0612,6,0.6483,0,0.4619,0
53105.54,0.7967,0.1111,11,0.7274,1,0.7679,0
89434.84,0.6929,0.0403,5,0.518,1,0.6503,0
80277.59,0.921,0.602,7,0.244,0,0.7719,1
52388.75,0.2255,0.8319,14,0.3936,0,0.6276,0
32406.8,0.2021,0.4027,6,0.4752,0,0.7331,0
22089.21,0.7125,0.0907,2,0.5992,1,0.1557,1
88446.37,0.5014,0.3735,0,0.5705,1,0.3237,0
72465.86,0.5992,0.348,16,0.3604,1,0.5612,1
59355.51,0.7085,0.6435,19,0.6823,0,0.0165,0
88546.29,0.5474,0.6522,14,0.6943,1,0.9123,0
16560.58,0.7877,0.103,1,0.6267,1,0.2395,0
69836.48,0.3189,0.4202,11,0.2449,0,0.0885,0
25587.67,0.859,0.6425,5,0.4225,1,0.6643,1
16454.86,0.1077,0.2589,6,0.3895,1,0.1937,0
49232.81,0.634,0.4071,19,0.7351,1,0.5619,0
41802.33,0.8901,0.6137,17,0.7274,0,0.249,0
94411.49,0.2527,0.4029,15,0.7795,0,0.1659,0
35778.06,0.3268,0.0309,10,0.2081,0,0.735,0
82415.71,0.3054,0.2226,12,0.6736,0,0.3884,0
76138.57,0.5643,0.7761,19,0.7834,1,0.5744,1
68452.77,0.4129,0.2485,13,0.1498,1,0.2161,0
92438.04,0.108,0.8177,12,0.0359,1,0.5524,0
43752.84,0.8913,0.4669,2,0.095,0,0.4212,0
42018.76,0.2047,0.4729,20,0.5456,1,0.0512,1
20290.01,0.5341,0.7705,16,0.3795,0,0.7267,0
31197.4,0.5948,0.3833,7,0.1755,1,0.5524,0
88578.76,0.0408,0.2385,5,0.4755,0,0.9273,0
50066.3,0.0957,0.105,20,0.707,1,0.8079,0
37428.57,0.9717,0.6719,20,0.7702,1,0.5711,1
25530.65,0.6645,0.4699,8,0.6765,0,0.0431,0
51071.22,0.0336,0.8094,4,0.797,1,0.7519,0
73083.21,0.7942,0.4577,16,0.5438,1,0.549,0
32235.74,0.5085,0.4148,13,0.7534,1,0.835,0
76983.07,0.0752,0.2989,18,0.3755,1,0.5777,0
64829.84,0.6808,0.1994,11,0.7672,1,0.002,0
79818.44,0.4994,0.8304,11,0.8062,1,0.8149,1
28836.41,0.2049,0.0952,3,0.6178,0,0.7993,0
64947.67,0.8777,0.9021,12,0.3879,0,0.0994,1
19604.85,0.2914,0.0269,7,0.2535,1,0.6838,0
39560.71,0.2846,0.5223,4,0.2927,0,0.5261,0
73814.21,0.2728,0.0583,16,0.1191,1,0.5899,0
65008.5,0.7675,0.7796,7,0.0424,1,0.8894,1
22846.77,0.7061,0.2115,4,0.373,0,0.2496,0
86542.55,0.9031,0.5659,20,0.0384,0,0.0132,1
10068.34,0.2293,0.9164,20,0.7925,0,0.2086,0
61545.49,0.7864,0.6493,10,0.585,0,0.9151,0
98462.95,0.573,0.1783,6,0.7593,0,0.2114,0
55492.95,0.3087,0.7967,3,0.4,1,0.6745,0
81063.82,0.0355,0.4415,13,0.2016,1,0.7897,0
61542.19,0.8189,0.0132,12,0.2613,1,0.8132,0
79393.39,0.2411,0.4868,12,0.7693,0,0.0104,0
67281.44,0.6317,0.8125,16,0.1097,1,0.0094,0
70657.54,0.5489,0.43,9,0.6284,0,0.989,0
26642.06,0.0044,0.7584,14,0.2031,1,0.5274,0
75472.99,0.9943,0.7055,13,0.3179,1,0.0637,1
27601.44,0.8143,0.4569,16,0.0027,0,0.0268,1
98160.83,0.4865,0.3233,15,0.4312,1,0.8108,0
26639.78,0.6803,0.7265,0,0.1155,1,0.905,1
27484.98,0.4766,0.3689,12,0.7737,0,0.5245,0
86573.95,0.7446,0.1701,20,0.088,0,0.3717,0
28083.66,0.1343,0.3209,11,0.2253,1,0.7024,0
39285.77,0.4464,0.8768,11,0.0133,0,0.0224,0
72890.82,0.3355,0.2834,12,0.8936,1,0.8989,0
20081.12,0.4597,0.235,11,0.5773,0,0.2561,0
20111.82,0.4505,0.1334,8,0.5792,0,0.1909,0
51204.05,0.1431,0.0552,20,0.467,1,0.3108,0
28151.19,0.9765,0.9767,1,0.7812,1,0.0637,0
27387.51,0.0155,0.5368,17,0.1298,1,0.3896,0
5877.7,0.0101,0.7296,3,0.7136,1,0.7147,0
40192.71,0.3734,0.773,4,0.7264,1,0.4982,0
35233.8,0.6204,0.3523,12,0.0325,1,0.668,0
7959.8,0.1797,0.7989,13,0.1194,1,0.2138,0
64017.15,0.5332,0.9615,19,0.4924,1,0.3979,0
64532.24,0.7228,0.7418,6,0.0812,0,0.5195,1
11726.04,0.0941,0.7117,0,0.2541,1,0.5726,0
35118.95,0.9844,0.4322,5,0.3633,1,0.1864,0
87916.53,0.3367,0.8413,11,0.1415,1,0.8077,0
60305.87,0.6424,0.0888,7,0.6337,0,0.0902,0
44137.6,0.1107,0.7497,5,0.4456,1,0.0983,0
49184.68,0.7095,0.362,19,0.5758,0,0.2497,0
24786.6,0.8405,0.566,11,0.4269,0,0.6543,1
82128.74,0.1053,0.893,14,0.3712,0,0.0771,0
91830.45,0.1259,0.605,15,0.4432,0,0.0077,0
91513.08,0.281,0.0256,8,0.8096,1,0.4722,0
26273.77,0.0119,0.7226,15,0.3564,1,0.3467,0
34520.33,0.9861,0.929,20,0.578,0,0.1567,0
20259.16,0.5984,0.642,15,0.7506,1,0.6559,0
34184.11,0.6076,0.8614,6,0.559,1,0.6414,0
36616.51,0.959,0.8253,16,0.2035,0,0.1219,1
65145.05,0.832,0.8613,4,0.1098,1,0.2298,1
23016.41,0.8142,0.3441,1,0.5318,0,0.365,0
92342.71,0.3395,0.4742,9,0.6547,1,0.99,0
14794.45,0.3349,0.848,10,0.6919,0,0.7686,0
5653.41,0.2917,0.9104,9,0.6244,1,0.3372,0
86219.79,0.3467,0.1468,5,0.0031,0,0.9654,0
71858.13,0.3695,0.1815,5,0.6965,1,0.4549,1
38759.19,0.14,0.3468,19,0.5442,0,0.3803,0
61572.47,0.3559,0.7703,6,0.8894,0,0.9443,0
26236.69,0.4467,0.875,16,0.6881,1,0.7362,0
20997.02,0.3093,0.5802,5,0.3872,1,0.5478,0
49759.17,0.1653,0.1133,2,0.6085,0,0.6007,0
38552.84,0.3734,0.3037,1,0.5543,0,0.9728,0
63446.85,0.4809,0.857,5,0.3037,1,0.1529,0
